unit_ids,unit location,branch_id,velocity,length,r2,num_channels_included,channel_density,init_chan
[36],"[(2257.5, -1347.5)]",[0],[581.2234546241663],[337.5257289922924],[0.9938459409698646],"[998, 998]","[0.00012561774382098843, 0.00012561774382098843]",[405]
[48],"[(3062.5, -560.0)]","[0, 1]","[22.58769757263128, 35.35533905932738]","[506.9619355726845, 1669.7487373415292]","[1.0, 1.0]","[10509, 10509]","[0.0013167223836697106, 0.0013167223836697106]",[9862]
[45],"[(1942.5, -507.5)]",[0],[14.702220202888613],[1992.8720223377918],[1.0],"[8324, 8324]","[0.0010429533848764555, 0.0010429533848764555]",[930]
[3],"[(1137.5, -630.0)]","[0, 1, 2]","[791.5484097985989, 454.604989415154, 583.3333333333334]","[689.249659715093, 125.33985905294664, 213.69429464123962]","[0.9858203394269553, 0.984554485418453, 1.0]","[11981, 11981]","[0.0015011562354883244, 0.0015011562354883244]",[755]
[21],"[(1260.0, -472.5)]","[0, 1, 2, 3]","[766.4213562373096, 178.05958538626894, 412.9837810035159, 284.9709280750585]","[190.5111165540218, 190.6703224490974, 255.673925607149, 158.94834428021886]","[0.9851705072806174, 0.9525879097196686, 0.9929447262936926, 0.9870908938883693]","[11981, 11981]","[0.0015011562354883244, 0.0015011562354883244]",[10029]
[57],"[(227.5, -1505.0)]","[0, 1, 2]","[210.46492671239162, 427.2001872658766, 630.971473206198]","[119.21978600072211, 251.56172370284958, 165.32548424748595]","[0.9963005056783064, 1.0, 0.9999999999999998]","[11981, 11981]","[0.0015011562354883244, 0.0015011562354883244]",[1950]
[59],"[(2152.5, -1645.0)]",[0],[50.00000000000001],[1094.7099377558675],[1.0],"[10525, 10525]","[0.0013187270994503477, 0.0013187270994503477]",[8785]
[73],"[(1085.0, -262.5)]","[0, 1]","[215.19195925020713, 276.6992952647331]","[362.73863607376245, 195.33985905294662]","[0.8487049544751123, 1.0]","[11981, 11981]","[0.0015011562354883244, 0.0015011562354883244]",[10789]
[96],"[(3727.5, -1225.0)]",[0],[31.818181818181813],[2056.3849073127794],[1.0],"[3194, 3194]","[0.0004001913877096827, 0.0004001913877096827]",[2613]
[85],"[(2362.5, -1260.0)]","[0, 1, 2, 3, 4, 5]","[470.2983686507487, 37.97819266184777, 49.49747468305833, 43.161417879982025, 41.190725901311914, 594.8856099191582]","[925.4722296807486, 1094.8789771689205, 314.425281093349, 819.3370373222858, 2421.446240140075, 233.54153838449184]","[1.0, 0.9364520316440484, 1.0, 0.9679898703855785, 1.0, 1.0]","[6125, 6125]","[0.000767430259775143, 0.000767430259775143]",[1505]
[86],"[(1592.5, -472.5)]","[0, 1, 2, 3]","[462.36169522407357, 1261.942946412396, 366.36811657764656, 2548.0384612481807]","[397.2309025547439, 165.32548424748595, 222.92845544742244, 144.90192306240908]","[0.7945538487901922, 0.9999999999999998, 0.9969541924234023, 0.9999999999999998]","[10512, 10512]","[0.00131709826787858, 0.00131709826787858]",[2990]
[105],"[(2100.0, -1610.0)]","[0, 1]","[17.46969694696177, 147.37052863360483]","[1044.8259356949309, 597.2933102288373]","[1.0, 0.9649369378073409]","[1005, 1005]","[0.00012698833886932995, 0.00012698833886932995]",[883]
[106],"[(1610.0, -245.0)]",[0],[110.67971810589327],[2159.783075203005],[1.0],"[7591, 7591]","[0.0009511123431760179, 0.0009511123431760179]",[7414]
[108],"[(1190.0, -227.5)]","[0, 1, 2, 3]","[30.935921676911455, 169.86923074987874, -266.42135623730957, 454.18182202497985]","[661.7583526535744, 182.7417821153557, 1658.5137218041637, 525.0164134774722]","[1.0, 1.0, 0.9188543593342094, 0.9997367601829362]","[11247, 11247]","[0.0014091898990515972, 0.0014091898990515972]",[11068]
[124],"[(2537.5, -1067.5)]","[0, 1, 2, 3, 4]","[39.74352411133087, 46.55119254729617, 11.680952121267556, 37.115969012129305, 56.4516129032258]","[719.6491445138035, 1014.5581896968473, 597.4881542802799, 326.1798339421457, 2153.686100040362]","[1.0, 1.0, 1.0, 1.0, 1.0]","[1741, 1741]","[0.0002181381358805753, 0.0002181381358805753]",[299]
[130],"[(2275.0, -1347.5)]",[0],[19.81132075471698],[1639.2202809569178],[1.0],"[2473, 2473]","[0.000309853882844723, 0.000309853882844723]",[581]
[110],"[(1820.0, -262.5)]","[0, 1]","[64.51414804861749, 365.2915487466357]","[267.7903722828444, 90.33985905294664]","[1.0, 0.9998927240718879]","[11981, 11981]","[0.0015011562354883244, 0.0015011562354883244]",[3581]
[135],"[(2852.5, -840.0)]","[0, 1, 2]","[20.325168576988467, 92.80776503073434, 349.99999999999994]","[1163.6269775141964, 991.119294844669, 3051.149241997153]","[1.0, 0.9999999999999998, 0.9999999999999998]","[6857, 6857]","[0.0008591460067392906, 0.0008591460067392906]",[1041]
[139],"[(3027.5, -700.0)]","[0, 1]","[249.200109238428, 350.0]","[174.26880288458597, 309.0833163195855]","[1.0, 1.0]","[11981, 11981]","[0.0015011562354883244, 0.0015011562354883244]",[11444]
[147],"[(2152.5, -2030.0)]",[0],[518.1831963773949],[1404.038992210631],[0.9473613568306374],"[1003, 1003]","[0.0001256706204986887, 0.0001256706204986887]",[958]
[146],"[(3010.0, -647.5)]",[0],[72.24967048979934],[193.94834428021886],[0.9545909373203391],"[3928, 3928]","[0.0004921577241464101, 0.0004921577241464101]",[293]
[150],"[(3010.0, -647.5)]",[0],[15.217391304347828],[559.4163422320094],[1.0],"[1003, 1003]","[0.0001256706204986887, 0.0001256706204986887]",[141]
[155],"[(1452.5, -437.5)]","[0, 1]","[377.3382367622753, 174.99999999999997]","[1352.798676522936, 353.66402246522455]","[0.9862543254256608, 0.9999999999999998]","[11981, 11981]","[0.0015011562354883244, 0.0015011562354883244]",[7860]
[183],"[(175.0, -1802.5)]",[0],[29.719890840187077],[134.89356881873897],[1.0],"[1004, 1004]","[0.00012579591523497854, 0.00012579591523497854]",[321]
[158],"[(1312.5, -1557.5)]","[0, 1, 2, 3]","[445.41621930552833, 32.715133531157285, 228.78319277712396, 315.485736603099]","[113.26237921249263, 230.6559480312316, 141.44834428021886, 274.68671869041464]","[0.9529178311557848, 0.9814540059347185, 0.9983448142137076, 0.9999999999999998]","[11981, 11981]","[0.0015011562354883244, 0.0015011562354883244]",[10754]
[182],"[(227.5, -1907.5)]","[0, 1]","[640.9379409321081, 296.98484809834997]","[625.2749414073903, 384.3470020913011]","[0.9894617779622656, 1.0]","[11981, 11981]","[0.0015011562354883244, 0.0015011562354883244]",[498]
[191],"[(1872.5, -892.5)]","[0, 1, 2, 3, 4]","[80.1123238161833, 572.0730848726814, 304.95105123698346, 432.42646351945876, 266.42135623730957]","[190.2334278716856, 334.08957136979484, 158.74368670764582, 296.02428344973316, 129.74873734152916]","[0.9470424166227596, 0.8605924659229551, 0.9543050655614316, 0.9986561183960037, 0.9188543593342094]","[11981, 11981]","[0.0015011562354883244, 0.0015011562354883244]",[8007]
[198],"[(682.5, -875.0)]","[0, 1, 2, 3]","[110.67971810589327, 221.35943621178654, 371.2310601229374, 391.3118960624631]","[689.2168187225658, 166.01957715883992, 561.7398017260317, 1316.6311896062464]","[1.0, 1.0, 0.9999999999999998, 0.9999999999999998]","[3191, 3191]","[0.00039981550350081323, 0.00039981550350081323]",[666]
[196],"[(805.0, -595.0)]",[0],[54.080509992650754],[344.0366876126919],[1.0],"[8316, 8316]","[0.001041951026986137, 0.001041951026986137]",[3425]
[222],"[(1540.0, -87.5)]","[0, 1, 2]","[721.205947712692, 133.86519878845021, 170.563511889227]","[286.44474394963095, 134.89356881873894, 182.08626878700278]","[0.9266527655285461, 0.970556061677553, 0.992523011439844]","[11981, 11981]","[0.0015011562354883244, 0.0015011562354883244]",[4602]
[227],"[(1225.0, -560.0)]","[0, 1, 2, 3]","[26.284494101608928, 19.813260560124718, 23.57022603955159, 47.39956386635728]","[1294.9890213644703, 363.14173964423753, 817.1206967122769, 811.9706074310412]","[0.9999999999999998, 1.0, 1.0, 0.7528518815794041]","[4656, 4656]","[0.0005833722921653984, 0.0005833722921653984]",[1493]
[258],"[(2135.0, -2012.5)]","[0, 1, 2, 3, 4]","[81.21110539564212, 37.00222997349183, 28.861739379323627, 90.2533095573495, 77.17483281829101]","[1857.0779864137098, 161.80869689661813, 1629.654348448309, 2171.794796161603, 1124.9528973256315]","[0.9999593067060827, 1.0, 1.0, 0.927346298676115, 0.9611269215430158]","[1742, 1742]","[0.00022011312070683857, 0.00022011312070683857]",[798]
[270],"[(2415.0, -472.5)]","[0, 1, 2]","[42.0, 31.548573660309906, 40.707836981045034]","[705.8854145908065, 1446.5936236442858, 883.3600624886774]","[1.0, 1.0, 0.9999999999999998]","[4660, 4660]","[0.0005838734711105577, 0.0005838734711105577]",[275]
[306],"[(2415.0, -1050.0)]","[0, 1, 2, 3, 4, 5]","[92.39184662904069, 29.9134373259171, 39.43571707538737, 100.00000000000001, -314.5577183249312, 699.9999999999999]","[732.63219193521, 1219.5831755465395, 675.3470962793764, 910.1822718910463, 1277.876604215888, 1036.7890246953198]","[0.9945102103790603, 1.0, 0.9999999999999998, 1.0, 0.9539854227447451, 0.9999999999999998]","[2469, 2469]","[0.00030935270389956373, 0.00030935270389956373]",[1549]
[310],"[(2082.5, -805.0)]","[0, 1, 2, 3, 4, 5, 6]","[49.12770839187693, 78.2171658415305, 101.92153844992727, 699.9999999999999, 747.6003277152839, 59.40417070162264, 87.5]","[371.48619915566235, 1368.5964758444272, 904.1338588034342, 284.30869689661813, 290.60957613828145, 1243.9282123417506, 315.5826866215259]","[0.989873384598281, 0.8432989302183982, 1.0, 0.9999999999999998, 0.9999999999999998, 0.9397949282219014, 1.0]","[1731, 1731]","[0.00021688518851767713, 0.00021688518851767713]",[507]
[318],"[(1610.0, -262.5)]","[0, 1, 2, 3]","[61.48873228105182, 27.498597046143516, 184.6303697562198, 31.818181818181813]","[1263.7272141671915, 821.7195649130282, 1678.2708094207383, 1904.0129869682848]","[1.0, 1.0, 0.9468338673182265, 1.0]","[2464, 2464]","[0.00030872623021811464, 0.00030872623021811464]",[1434]
[302],"[(3745.0, -1277.5)]","[0, 1]","[296.0887071995136, 54.99719409228703]","[482.91072804877996, 213.2295055912368]","[0.818179571915413, 1.0]","[11981, 11981]","[0.0015011562354883244, 0.0015011562354883244]",[3210]
[324],"[(2537.5, -1120.0)]","[0, 1, 2]","[10.434983894999018, 39.131189606246316, 46.03669365440743]","[1264.256183229346, 764.5658835019578, 455.1014409464113]","[1.0, 1.0, 1.0]","[1731, 1731]","[0.00021688518851767713, 0.00021688518851767713]",[207]
[319],"[(927.5, -560.0)]","[0, 1, 2]","[421.42857142857144, 224.40652831133215, 261.6629691085417]","[192.5, 264.5787261500227, 234.64855594956475]","[0.9347475832438241, 0.9721420954444783, 0.9903775455460294]","[11981, 11981]","[0.0015011562354883244, 0.0015011562354883244]",[10637]
[327],"[(2380.0, -997.5)]","[0, 1]","[154.85798071253947, 666.3801467630918]","[290.98375547817864, 238.2760293526184]","[0.9264009719839226, 1.0]","[11981, 11981]","[0.0015011562354883244, 0.0015011562354883244]",[3977]
[330],"[(945.0, -52.5)]",[0],[-159.0909090909091],[655.3743258855783],[1.0],"[6854, 6854]","[0.0008587701225304212, 0.0008587701225304212]",[3587]
[334],"[(1242.5, -577.5)]","[0, 1, 2, 3]","[70.0, 115.01543503312061, -390.86688999029724, 546.7945774307958]","[106.73284148787373, 188.65125514930313, 161.4281066698956, 319.7709787187351]","[1.0, 1.0, 1.0, 0.9112590455479052]","[11981, 11981]","[0.0015011562354883244, 0.0015011562354883244]",[2750]
[362],"[(1697.5, -1732.5)]","[0, 1, 2]","[27.95084971874737, 31.818181818181813, 38.888888888888886]","[884.9725192256203, 158.74368670764582, 533.0587314765198]","[1.0, 1.0, 0.9999999999999998]","[2462, 2462]","[0.00030847564074553503, 0.00030847564074553503]",[1732]
[347],"[(2590.0, -1085.0)]","[0, 1, 2, 3]","[186.7577902584581, 69.03024094886362, 1028.3215113745086, 269.23076923076917]","[136.803411496604, 103.0111165540218, 223.16430227490173, 129.74873734152916]","[1.0, 0.8076702539866251, 0.9813260377776807, 0.9925558312655084]","[11981, 11981]","[0.0015011562354883244, 0.0015011562354883244]",[11574]
[368],"[(2222.5, -507.5)]",[0],[391.3118960624631],[94.47104865919295],[0.9999999999999998],"[11981, 11981]","[0.0015011562354883244, 0.0015011562354883244]",[11859]
[376],"[(2082.5, -805.0)]","[0, 1]","[19.79898987322333, 70.0]","[649.887159143536, 1104.7557196906348]","[1.0, 1.0]","[10514, 10514]","[0.0013173488573511596, 0.0013173488573511596]",[2103]
[394],"[(1452.5, -437.5)]","[0, 1]","[155.9458189632772, 752.2717776782755]","[306.1841804062152, 182.7417821153557]","[1.0, 0.9989815438922305]","[9049, 9049]","[0.0011337920686865744, 0.0011337920686865744]",[2734]
[393],"[(3010.0, -17.5)]","[0, 1, 2]","[30.400123911243163, 377.753466388915, 319.9883848303488]","[953.3460237292041, 124.65434844830907, 151.3799269477755]","[0.9999999999999996, 0.9726489207668286, 0.9945771861627453]","[11981, 11981]","[0.0015011562354883244, 0.0015011562354883244]",[371]
[395],"[(227.5, -1347.5)]","[0, 1, 2]","[28.98606637499727, 38.50123079672295, 90.21828255321361]","[510.48049544548905, 2422.7581628085914, 1686.838695628818]","[1.0, 1.0, 0.9608971713872043]","[3939, 3939]","[0.0004935359662455981, 0.0004935359662455981]",[1788]
[398],"[(1312.5, -507.5)]","[0, 1, 2, 3, 4, 5, 6]","[25.75969520806319, 130.61279004779826, 266.1208607005471, 177.94272134848805, 284.9144640086217, 57.1330654930038, 214.34035877362794]","[311.58537354742396, 1118.6983032424268, 279.689505670923, 355.81512382298547, 529.2232828886065, 141.44834428021886, 1513.1086553820958]","[1.0, 0.936364706579966, 1.0, 0.9709694210040978, 0.9688867282868582, 0.9955515701969545, 0.9654614412810941]","[1734, 1734]","[0.00021726107272654658, 0.00021726107272654658]",[356]
[407],"[(1645.0, -700.0)]","[0, 1, 2]","[28.38622514139169, 95.31564751360447, 12.962962962962962]","[1052.905554089516, 465.9202167639635, 983.5581163007357]","[1.0, 0.8842648177242218, 0.9999999999999998]","[7597, 7597]","[0.0009518641115937569, 0.0009518641115937569]",[6336]
[421],"[(1785.0, -245.0)]","[0, 1]","[61.87184335382291, 105.79030477161103]","[1472.2808383755073, 231.79039550132194]","[1.0, 0.8472625194594149]","[1004, 1004]","[0.00012637296071770778, 0.00012637296071770778]",[816]
[429],"[(1225.0, -560.0)]","[0, 1, 2]","[180.2775637731996, 62.21539022369764, 59.53608247422679]","[489.24999548662703, 1908.2699007096708, 1169.815226724636]","[1.0, 0.9100881717381542, 0.9355670103092784]","[7594, 7594]","[0.0009514882273848874, 0.0009514882273848874]",[3157]
[426],"[(2870.0, -1785.0)]",[0],[391.3118960624632],[134.89356881873897],[1.0],"[11981, 11981]","[0.0015011562354883244, 0.0015011562354883244]",[7242]
[425],"[(1610.0, -245.0)]","[0, 1]","[514.6470382600511, 293.31248528084785]","[191.23031617093207, 136.99747468305833]","[0.9473001780156757, 0.8863550460999666]","[9783, 9783]","[0.0012257584051233018, 0.0012257584051233018]",[3737]
[440],"[(1155.0, -665.0)]","[0, 1, 2, 3, 4, 5]","[24.627400913203267, 21.06275518428014, 15.229992210171792, 37.234042553191486, -94.55164853107026, 260.87459737497545]","[604.8591485665802, 940.8158923225152, 427.27055471920914, 735.2364433162611, 700.4854732337217, 1306.160194799103]","[1.0, 1.0, 1.0, 0.9999999999999998, 1.0, 1.0]","[1732, 1732]","[0.0002180059441863246, 0.0002180059441863246]",[413]
[433],"[(1330.0, -490.0)]","[0, 1]","[157.8905554157331, 1142.9475529761232]","[969.8799904653677, 267.72070020147095]","[0.9490644658317247, 0.9820095737530135]","[11981, 11981]","[0.0015011562354883244, 0.0015011562354883244]",[570]
[447],"[(1242.5, -577.5)]","[0, 1]","[349.99999999999994, 58.333333333333336]","[512.7840094329717, 346.2951489909789]","[0.9999999999999998, 1.0]","[9054, 9054]","[0.0011344185423680234, 0.0011344185423680234]",[5661]
[446],"[(1697.5, -787.5)]","[0, 1, 2, 3]","[805.2639846812805, 458.8989043374855, 331.7099474854824, 342.1694129401964]","[371.78461232053627, 288.143896425232, 138.12613897236298, 141.44834428021886]","[0.9603125499446736, 0.979174553638533, 0.8238168528152453, 0.9322790686701912]","[11981, 11981]","[0.0015011562354883244, 0.0015011562354883244]",[4927]
[472],"[(875.0, -367.5)]","[0, 1]","[134.3108504398827, 2213.594362117865]","[490.0, 209.67466747200993]","[0.896710925677351, 1.0]","[10512, 10512]","[0.00131709826787858, 0.00131709826787858]",[6403]
[485],"[(0.0, -1837.5)]","[0, 1]","[95.4489058820204, 233.33333333333334]","[492.3155281093996, 354.8793604317449]","[0.9996955909169728, 1.0]","[6119, 6119]","[0.000766678491357404, 0.000766678491357404]",[5582]
[451],"[(1662.5, -805.0)]","[0, 1]","[151.6741960886362, 335.4101966249685]","[294.1110223020413, 219.43522697853172]","[0.8575717371292767, 1.0]","[11981, 11981]","[0.0015011562354883244, 0.0015011562354883244]",[10446]
[483],"[(875.0, -367.5)]","[0, 1, 2, 3, 4]","[196.85894605045667, 99.26824000571335, 75.95194573506217, 215.12270400350073, 431.77493249341694]","[363.09738043107785, 302.4019230624091, 89.65434844830907, 186.0907653441547, 292.46943754300014]","[0.9358607989356441, 0.993712835414312, 0.9999999999999996, 1.0, 0.9787025200273328]","[9058, 9058]","[0.0011349197213131829, 0.0011349197213131829]",[5672]
[493],"[(2152.5, -1645.0)]","[0, 1, 2, 3, 4, 5, 6, 7, 8]","[13.869051196092252, 7.050664793918256, 6.862745098039215, 33.19753190475873, 48.651555377663655, 22.498852128662875, 96.20579793107875, 65.21864934374386, 157.7428683015495]","[1017.8144908806374, 885.668253177594, 1819.6568297574747, 817.2782786178826, 362.44894680701117, 1061.2452399887886, 254.8597123542437, 597.6911520004467, 869.8072873337475]","[0.9633568064226022, 1.0, 1.0, 1.0, 1.0, 1.0, 1.0, 1.0, 0.9999999999999998]","[4666, 4666]","[0.0005846252395282967, 0.0005846252395282967]",[2922]
[511],"[(227.5, -1767.5)]","[0, 1, 2, 3]","[21.75763700711028, 26.087459737497543, 43.74999999999999, 87.49999999999999]","[87.84588466214898, 642.5640773410796, 871.9588931013592, 1320.0455846149878]","[1.0, 0.9999999999999998, 0.9999999999999998, 0.9999999999999998]","[5387, 5387]","[0.0006749627443932563, 0.0006749627443932563]",[1721]
[509],"[(1907.5, -560.0)]","[0, 1, 2, 3]","[79.84937474605802, 66.07076750154073, 50.7941666374953, 737.8647873726218]","[394.6857282988733, 2408.752515632459, 672.528610085166, 660.1908644896586]","[0.9977001656730428, 0.8000088598821714, 0.9852639696352126, 1.0]","[3926, 3926]","[0.0004919071346738304, 0.0004919071346738304]",[2609]
[507],"[(1540.0, -87.5)]",[0],[111.80339887498948],[664.4960830884436],[1.0],"[7590, 7590]","[0.0009509870484397282, 0.0009509870484397282]",[3856]
[540],"[(1785.0, -245.0)]","[0, 1, 2, 3]","[17.391639824998364, 46.72964787856853, 221.35943621178654, 494.9747468305833]","[1429.8470972379664, 282.3331973028704, 212.83985905294662, 262.7744712443994]","[1.0, 0.7692682273263913, 1.0, 1.0]","[997, 997]","[0.00012597748642061886, 0.00012597748642061886]",[809]
[531],"[(1592.5, -840.0)]","[0, 1, 2, 3, 4, 5]","[291.54759474226506, 48.91398700780789, 104.34983894999017, 35.0, 97.82797401561578, 61.87184335382291]","[306.1249744793783, 1329.9860420199482, 725.9988225287537, 1865.553029542172, 1309.057368563118, 895.0109104824741]","[1.0, 0.9999999999999998, 0.9999999999999998, 1.0, 0.9999999999999998, 1.0]","[4676, 4676]","[0.0005858781868911949, 0.0005858781868911949]",[2191]
[541],"[(350.0, -945.0)]","[0, 1, 2, 3, 4, 5]","[40.97995630909744, 18.200553305230844, 16.666666666666668, 34.14634146341463, 17.5, 61.87184335382291]","[128.17971810589327, 366.0581692209609, 776.6367035145981, 2429.9059832967923, 987.7641392940378, 2311.095441146532]","[0.9933169277813838, 1.0, 1.0, 1.0, 1.0, 1.0]","[4662, 4662]","[0.0005841240605831373, 0.0005841240605831373]",[2511]
[516],"[(2240.0, -1330.0)]","[0, 1, 2]","[61.48873228105182, 111.80339887498948, 498.07692307692304]","[221.35943621178654, 102.22833692686612, 177.15434844830907]","[1.0, 1.0, 0.8492555831265509]","[11981, 11981]","[0.0015011562354883244, 0.0015011562354883244]",[155]
[544],"[(2275.0, -1365.0)]","[0, 1, 2, 3]","[41.910030988644415, 27.45625891934576, 25.96301080005337, 11.180339887498947]","[822.7152403269438, 316.7328414878737, 1121.1465752829145, 1715.6640702858947]","[0.994861738969037, 1.0, 1.0, 1.0]","[1731, 1731]","[0.00021688518851767713, 0.00021688518851767713]",[203]
[547],"[(2257.5, -1347.5)]","[0, 1]","[82.38145180262383, 79.05694150420949]","[95.76237921249263, 759.9186339248555]","[1.0, 1.0]","[998, 998]","[0.00012561774382098843, 0.00012561774382098843]",[405]
[551],"[(1295.0, -1592.5)]",[0],[103.11780831094185],[316.01781146797407],[0.8745749847762417],"[1007, 1007]","[0.00012724105198150772, 0.00012724105198150772]",[501]
[543],"[(2957.5, -560.0)]","[0, 1, 2, 3, 4, 5]","[453.56121007645515, 69.37129433613966, 195.1970391413308, 448.2186966202994, 478.3847826961322, 200.86239246177772]","[528.6431908142613, 231.42936964817125, 151.10223826543927, 175.15182147569465, 323.3305751923054, 129.47104865919295]","[0.9785340465913225, 0.8523952946218609, 0.9921900422049637, 1.0, 0.9958959309580746, 0.926852122747031]","[11981, 11981]","[0.0015011562354883244, 0.0015011562354883244]",[10839]
[549],"[(0.0, -1837.5)]","[0, 1]","[152.7416893933134, 168.37863364148896]","[1509.7016819214532, 1504.7426554260173]","[0.9300806056229918, 0.9485173142624919]","[11981, 11981]","[0.0015011562354883244, 0.0015011562354883244]",[1930]
[550],"[(1312.5, -1557.5)]","[0, 1]","[433.19688310094733, 438.4544001829665]","[202.3109077121396, 255.43448105662475]","[0.9616908339346331, 0.8988812712879521]","[11981, 11981]","[0.0015011562354883244, 0.0015011562354883244]",[10751]
[556],"[(1645.0, -927.5)]","[0, 1]","[640.8985905294663, 87.49999999999999]","[179.28820333316548, 1629.9559288646587]","[0.9470424166227593, 0.9999999999999998]","[9048, 9048]","[0.0011336667739502847, 0.0011336667739502847]",[1429]
[554],"[(437.5, -1015.0)]","[0, 1, 2]","[687.3396116425969, 310.9338698669942, 740.7966180244267]","[438.35097560696846, 216.27349576651443, 259.54791726704804]","[0.9472518951362207, 0.8567011648866423, 0.8925824792431303]","[11981, 11981]","[0.0015011562354883244, 0.0015011562354883244]",[1896]
[559],"[(612.5, -560.0)]","[0, 1]","[41.247895569215274, 78.87143415077475]","[975.014222235473, 1172.3818267424533]","[1.0, 0.9999999999999998]","[4657, 4657]","[0.0005834975869016883, 0.0005834975869016883]",[1933]
[557],"[(437.5, -1015.0)]",[0],[304.92681902651793],[169.74294484278488],[0.772090273140078],"[11981, 11981]","[0.0015011562354883244, 0.0015011562354883244]",[3348]
[560],"[(455.0, -1050.0)]","[0, 1, 2]","[8.695819912499182, 19.410774385513058, 169.86923074987874]","[3288.7167401034167, 1672.0976256752858, 182.7417821153557]","[1.0, 1.0, 1.0]","[1729, 1729]","[0.0002166345990450975, 0.0002166345990450975]",[112]
[562],"[(717.5, -682.5)]",[0],[289.92436958538775],[240.33507975331298],[0.943469835277775],"[11981, 11981]","[0.0015011562354883244, 0.0015011562354883244]",[104]
[569],"[(2992.5, -630.0)]","[0, 1, 2, 3, 4, 5]","[39.652671076495345, 133.34012113616086, 824.9579113843055, 13.043729868748771, 34.10656611925395, 280.0]","[2448.3582868055214, 1201.7624287571514, 289.7632638664858, 1096.2528713439733, 831.504591324125, 668.0802621722272]","[0.9876719474966202, 0.9581438383491786, 1.0, 0.9999999999999998, 0.9999999999999998, 1.0]","[1725, 1725]","[0.0002161334200999382, 0.0002161334200999382]",[111]
[573],"[(1242.5, -577.5)]","[0, 1, 2, 3, 4, 5]","[144.70587268634878, 22.58064516129032, 110.93576579297968, 43.83273680225759, 32.99831645537222, 65.36839684837145]","[458.9648390822073, 688.7184335382291, 1624.153442040228, 2517.9114117191516, 312.27194592745775, 739.3380638349046]","[0.9973238776158716, 0.9999999999999998, 0.9999971773751678, 1.0, 1.0, 0.9982870210375955]","[2479, 2479]","[0.0003106056512624619, 0.0003106056512624619]",[1302]
[570],"[(3027.5, -665.0)]","[0, 1, 2, 3]","[30.046260628866577, 63.09714732061981, 24.41860465116279, 1261.942946412396]","[775.5834306760212, 243.2706747878923, 224.85501153143184, 763.0971473206198]","[1.0, 1.0, 1.0, 0.9999999999999998]","[4670, 4670]","[0.0005851264184734559, 0.0005851264184734559]",[65]
[571],"[(752.5, -682.5)]","[0, 1]","[127.55207269974093, 767.7403718258206]","[126.79039550132192, 306.85188980771727]","[1.0, 0.8096865902377393]","[11981, 11981]","[0.0015011562354883244, 0.0015011562354883244]",[11497]
[575],"[(175.0, -1802.5)]",[0],[15.050457540863967],[1948.79739080477],[0.9999999999999998],"[1735, 1735]","[0.0002173863674628364, 0.0002173863674628364]",[487]
[579],"[(1312.5, -507.5)]","[0, 1]","[148.46387604851722, 1106.7971810589324]","[143.69429464123962, 1542.8398590529466]","[1.0, 1.0]","[1734, 1734]","[0.00021726107272654658, 0.00021726107272654658]",[351]
[576],"[(682.5, -875.0)]","[0, 1, 2]","[48.91398700780789, 448.27174224154527, 315.485736603099]","[879.4956938542541, 255.25241864671364, 87.84588466214898]","[0.9999999999999998, 1.0, 0.9999999999999998]","[7591, 7591]","[0.0009511123431760179, 0.0009511123431760179]",[6882]
[586],"[(1365.0, -1820.0)]","[0, 1, 2]","[57.97213274999454, 110.52631578947368, 197.9898987322333]","[583.342818350656, 858.3135137510809, 1269.6127356317934]","[1.0, 1.0, 1.0]","[1741, 1741]","[0.0002181381358805753, 0.0002181381358805753]",[285]
[585],"[(1400.0, -1855.0)]",[0],[119.8716084761797],[230.7438590435337],[0.9898733845982808],"[11981, 11981]","[0.0015011562354883244, 0.0015011562354883244]",[8181]
[593],"[(927.5, -612.5)]","[0, 1]","[53.97405462930526, 269.2582403567252]","[180.3040373722854, 133.37157373110014]","[1.0, 1.0]","[11981, 11981]","[0.0015011562354883244, 0.0015011562354883244]",[11380]
[596],"[(1417.5, -1225.0)]","[0, 1, 2, 3, 4]","[-82.15195881883008, 35.729700792181156, 21.875, 42.80977494539149, 56.52644809314535]","[896.9108737796146, 1004.9109482069508, 112.24873734152916, 602.4167937320077, 1406.076953299941]","[0.8716727427807731, 0.889715499841364, 1.0, 0.9025124970345418, 0.9988479262672811]","[3928, 3928]","[0.0004921577241464101, 0.0004921577241464101]",[2220]
[599],"[(1382.5, -1820.0)]","[0, 1, 2, 3, 4, 5, 6, 7, 8, 9]","[41.45826087490112, 64.13159572510209, 39.366347265166304, 14.0, 9.66202212499909, 23.201941257683586, 209.05502065992465, 25.23885892824792, 58.333333333333336, 187.55014812053847]","[1438.9706347849365, 282.17902119044925, 1542.9534335525336, 1023.0797236703434, 1282.1240496018297, 1093.0107824725394, 1556.7994753913881, 267.18046364020535, 363.7951489909789, 1858.401504892707]","[0.8349459766101694, 1.0, 0.9710369187244474, 1.0, 1.0, 0.9999999999999998, 0.9892848618226653, 1.0, 1.0, 0.93719002756844]","[2450, 2450]","[0.0003083802328270758, 0.0003083802328270758]",[808]
[602],"[(2940.0, -1750.0)]","[0, 1, 2, 3]","[92.10526315789474, 23.863636363636363, 55.90169943749474, -217.292007576659]","[275.98076824970764, 2597.471758193006, 299.2873926843202, 946.3448672893531]","[1.0, 1.0, 1.0, 0.9794881887088114]","[3199, 3199]","[0.0004008178613911318, 0.0004008178613911318]",[662]
[606],"[(2537.5, -507.5)]","[0, 1, 2]","[63.21473644378949, 53.44766551726597, 125.49412094592712]","[281.7328414878737, 89.65434844830907, 112.24873734152916]","[0.9766348003345583, 0.9999999999999998, 1.0]","[11981, 11981]","[0.0015011562354883244, 0.0015011562354883244]",[5162]
[609],"[(1172.5, -227.5)]","[0, 1, 2, 3, 4, 5]","[349.99999999999994, 76.05547260451397, 78.26237921249263, 84.12952976082641, 185.6155300614687, 782.6237921249262]","[157.5, 630.2733707753742, 562.2884632203692, 417.0127446033618, 1447.0763180464508, 1632.0157585565516]","[0.9999999999999998, 0.9882665465105697, 1.0, 1.0, 0.9999999999999998, 0.9999999999999998]","[6127, 6127]","[0.0007676808492477226, 0.0007676808492477226]",[3647]
[608],"[(2537.5, -507.5)]","[0, 1]","[57.11247078814422, 699.9999999999999]","[113.37740163083382, 334.0401310861136]","[1.0, 0.9999999999999998]","[11981, 11981]","[0.0015011562354883244, 0.0015011562354883244]",[5155]
[613],"[(1225.0, -560.0)]","[0, 1, 2, 3]","[17.78120455185921, 24.786900413298255, 79.28829063697712, 55.76608969110576]","[481.61939749548026, 206.62641030661268, 338.42679611770467, 222.94329364633552]","[0.9999999999999998, 0.9999999999999996, 0.9926667859428315, 0.9739102536782059]","[7590, 7590]","[0.0009509870484397282, 0.0009509870484397282]",[4425]
[611],"[(2537.5, -525.0)]","[0, 1, 2]","[64.95603851785955, 177.41390713369805, 271.8546646237396]","[148.9815788294029, 247.5378548754435, 188.65125514930313]","[0.9432014506512123, 1.0, 1.0]","[11981, 11981]","[0.0015011562354883244, 0.0015011562354883244]",[5164]
[614],"[(1697.5, -70.0)]","[0, 1]","[26.071824013964054, 85.13824469684099]","[221.87297172160203, 285.51642171735]","[0.8620865774049399, 1.0]","[8319, 8319]","[0.0010423269111950065, 0.0010423269111950065]",[6793]
[619],"[(2292.5, -1085.0)]","[0, 1]","[583.3333333333334, 743.6544516664679]","[199.74873734152916, 188.53427539608455]","[1.0, 0.8266860313423903]","[11981, 11981]","[0.0015011562354883244, 0.0015011562354883244]",[45]
[627],"[(1295.0, -1610.0)]","[0, 1]","[95.19716382329887, 25.245928778223426]","[426.62948510182207, 1342.264432985449]","[1.0, 1.0]","[1737, 1737]","[0.00021763695693541605, 0.00021763695693541605]",[686]
[629],"[(2257.5, -1435.0)]","[0, 1, 2]","[145.58080789134803, 265.0949025070158, 38.88888888888889]","[158.74368670764582, 214.57270054082034, 217.03069939234913]","[1.0, 0.9351207836461558, 1.0]","[10517, 10517]","[0.001317724741560029, 0.001317724741560029]",[1423]
[630],"[(1557.5, -402.5)]","[0, 1]","[102.08136419020781, 217.85175118090746]","[189.54791726704804, 128.7855380545554]","[1.0, 0.8937575024755615]","[11981, 11981]","[0.0015011562354883244, 0.0015011562354883244]",[7494]
[636],"[(2835.0, -997.5)]","[0, 1, 2]","[23.54887619274325, 44.28857364757982, 553.3985905294662]","[639.4310334426989, 1331.996353466103, 127.4942075012557]","[1.0, 0.9200639168073529, 1.0]","[1725, 1725]","[0.0002161334200999382, 0.0002161334200999382]",[422]
[632],"[(717.5, -682.5)]","[0, 1, 2, 3, 4, 5]","[12.33407665783061, 23.026315789473685, 15.966927317115589, 350.0, 906.3674788325745, 49.007543981519305]","[282.8822535771742, 112.24873734152916, 888.2204623255814, 146.74038412485382, 103.0111165540218, 353.70672345890125]","[1.0, 1.0, 1.0, 1.0, 0.9470424166227591, 0.9967008933557332]","[993, 993]","[0.00012712495019179162, 0.00012712495019179162]",[295]
[631],"[(2555.0, -1120.0)]","[0, 1, 2, 3, 4]","[461.6376867502317, 222.8819109398913, 281.24983728360525, 296.05763283515415, 126.19429464123962]","[455.3470406503917, 266.91167702691837, 263.82986149295823, 112.59462200367814, 102.22833692686612]","[0.9302564069861128, 0.8795873992954022, 0.9981630165514588, 0.9967806428217963, 1.0]","[11981, 11981]","[0.0015011562354883244, 0.0015011562354883244]",[11413]
[642],"[(2275.0, -1347.5)]",[0],[17.013560698367964],[732.1163384419218],[1.0],"[997, 997]","[0.00012597748642061886, 0.00012597748642061886]",[976]
[639],"[(1295.0, -507.5)]",[0],[44.27188724235731],[2424.118552810555],[1.0],"[11981, 11981]","[0.0015011562354883244, 0.0015011562354883244]",[152]
[645],"[(1872.5, -857.5)]",[0],[2990.4013108611357],[167.0200655430568],[0.9999999999999998],"[1004, 1004]","[0.00012637296071770778, 0.00012637296071770778]",[407]
[643],"[(1872.5, -892.5)]","[0, 1]","[15.217391304347828, 82.49579113843055]","[141.24368670764582, 112.24873734152916]","[1.0, 1.0]","[11981, 11981]","[0.0015011562354883244, 0.0015011562354883244]",[3617]
[647],"[(227.5, -1767.5)]","[0, 1, 2, 3]","[35.0, 71.93651017282444, 135.46344174718132, 82.38145180262383]","[302.3793604317449, 874.3827311208961, 514.835473890444, 487.92687608767955]","[1.0, 1.0, 0.9026854003020942, 1.0]","[8319, 8319]","[0.0010423269111950065, 0.0010423269111950065]",[6038]
[649],"[(612.5, -560.0)]","[0, 1, 2, 3, 4, 5, 6]","[296.98484809834997, 113.28580955522683, 57.982125339665615, 15.217391304347828, 44.72135954999579, 31.818181818181813, 140.9273782460209]","[214.2462120245875, 916.9086641953065, 922.5359085322657, 476.85416619423404, 1170.8567687276502, 873.5702366044505, 1430.9466569255628]","[1.0, 0.9602987031440539, 0.9905698333456215, 1.0, 1.0, 1.0, 0.9882849120027215]","[3196, 3196]","[0.0004004419771822623, 0.0004004419771822623]",[11]
[652],"[(2222.5, -507.5)]",[0],[183.55432011262718],[243.99111420224978],[0.9524722695426246],"[11981, 11981]","[0.0015011562354883244, 0.0015011562354883244]",[7473]
[653],"[(630.0, -577.5)]","[0, 1, 2, 3]","[481.02898965539373, 13.084112149532713, 27.343749999999996, 62.776158767095964]","[111.28553805455539, 1008.0065298280177, 520.4260906898544, 745.4373642647682]","[0.9999999999999998, 1.0, 1.0, 0.9678019221229367]","[5392, 5392]","[0.0006755892180747054, 0.0006755892180747054]",[457]
[655],"[(1137.5, -630.0)]",[0],[52.174919474995086],[117.39356881873894],[0.9999999999999998],"[11981, 11981]","[0.0015011562354883244, 0.0015011562354883244]",[755]
[656],"[(1225.0, -490.0)]","[0, 1]","[91.75031478799292, 133.33082814369234]","[215.84864308954866, 289.2106199590272]","[0.994319864221763, 0.9994464030645448]","[11981, 11981]","[0.0015011562354883244, 0.0015011562354883244]",[5061]
[657],"[(1225.0, -490.0)]","[0, 1]","[88.00719808079799, 290.2734644166456]","[136.48912146638298, 218.26237921249265]","[0.9881075296362187, 0.9335715440546777]","[11981, 11981]","[0.0015011562354883244, 0.0015011562354883244]",[5777]
[658],"[(1277.5, -472.5)]","[0, 1, 2]","[334.47022480462624, 368.9323936863109, 275.7554614597237]","[304.42360252300773, 238.173925607149, 319.3563993129782]","[0.9858715124121625, 1.0, 0.8846646837233841]","[11981, 11981]","[0.0015011562354883244, 0.0015011562354883244]",[5648]
[660],"[(1750.0, -1610.0)]",[0],[489.9427097879175],[1364.954528568293],[0.8773642490037362],"[11981, 11981]","[0.0015011562354883244, 0.0015011562354883244]",[2392]
[662],"[(630.0, -577.5)]","[0, 1]","[70.0, 195.6559480312316]","[640.6572835167699, 1961.548185438506]","[1.0, 1.0]","[5389, 5389]","[0.0006752133338658359, 0.0006752133338658359]",[4259]
[671],"[(1872.5, -857.5)]","[0, 1, 2]","[105.54475529761231, 78.26237921249263, 73.6842105263158]","[1472.5941375435627, 1046.4727127661063, 681.2487218800543]","[1.0, 1.0, 1.0]","[3201, 3201]","[0.0004010684508637114, 0.0004010684508637114]",[974]
[675],"[(210.0, -1347.5)]",[0],[19.08271001825746],[2274.806292680633],[1.0],"[5391, 5391]","[0.0006754639233384156, 0.0006754639233384156]",[1279]
[672],"[(1382.5, -1855.0)]","[0, 1]","[97.16957174532394, 66.39508464155512]","[327.31448265617604, 151.3799269477755]","[0.9986760079444496, 0.9236784886976348]","[11981, 11981]","[0.0015011562354883244, 0.0015011562354883244]",[4651]
[676],"[(3710.0, -1032.5)]",[0],[33.333333333333336],[1381.93169834257],[1.0],"[4661, 4661]","[0.0005839987658468476, 0.0005839987658468476]",[1065]
[674],"[(1400.0, -1610.0)]","[0, 1, 2, 3]","[33.53930851693736, 826.741852785195, 96.0462351782143, 111.8033988749895]","[340.2192194846915, 294.94426626806484, 247.82235208309834, 447.6728031537526]","[1.0, 0.8319513344376164, 0.9876769817193467, 1.0]","[10510, 10510]","[0.0013168476784060003, 0.0013168476784060003]",[7369]
[677],"[(1680.0, -997.5)]","[0, 1, 2, 3, 4]","[16.651570045211194, 19.24115958621575, 46.695730833073895, 265.81698951523305, 260.87459737497545]","[399.90293184779165, 1178.1211201010562, 740.2307100909446, 1501.7779623544106, 835.8325079794604]","[0.9999999999999998, 1.0, 1.0, 0.8494786173158543, 1.0]","[6849, 6849]","[0.0008581436488489721, 0.0008581436488489721]",[2210]
[685],"[(3710.0, -1032.5)]","[0, 1]","[36.89323936863109, 26.92307692307692]","[310.1437051777648, 3393.9117417755792]","[1.0, 1.0]","[3936, 3936]","[0.0004931600820367286, 0.0004931600820367286]",[83]
[680],"[(245.0, -1487.5)]","[0, 1, 2]","[35.57380873295119, 205.32203662722804, 292.64207902525953]","[126.63118960624632, 269.6280623861121, 146.2855380545554]","[1.0, 0.8117266973784999, 0.9720296624169774]","[11981, 11981]","[0.0015011562354883244, 0.0015011562354883244]",[11423]
[682],"[(875.0, -367.5)]","[0, 1, 2]","[722.226131140125, 598.0802621722272, 344.56299631033454]","[459.9616744772258, 286.19943487142325, 300.39163927415694]","[0.9721127325645009, 1.0, 0.9313228277149674]","[8315, 8315]","[0.001041825732249847, 0.001041825732249847]",[3466]
[686],"[(2065.0, -1627.5)]",[0],[202.92211045031374],[305.2417821153557],[0.9548475901035975],"[11981, 11981]","[0.0015011562354883244, 0.0015011562354883244]",[10418]
[684],"[(665.0, -542.5)]","[0, 1, 2, 3, 4]","[87.3198467108817, 334.98737341529164, 73.6842105263158, 63.09714732061981, 1320.668997744385]","[136.803411496604, 105.34588466214898, 227.5, 1031.149315336373, 228.97459675876604]","[0.9948268606761642, 0.8300943102542605, 1.0, 1.0, 0.9551952601359583]","[10516, 10516]","[0.0013175994468237393, 0.0013175994468237393]",[10112]
