,instance,burstTime,SPB,SPBch,burstDur,burstPeak,IBI,bISI_mean,bISI_CV,date,wellplateID,wellNo,runID,wellGroupName,wellGroupColor,Plating Date,control,assayTag,div
Instance,Instance,,Spikes per Burst,Spikes per Burst per Electrode,Burst Duration,Burst Peak Firing Rate,IBI,Mean Burst ISI,Burst ISI CV,Date,Wellplate ID,Well Number,Assay Run ID,Well Group Name,Well Group Color,,Control,Assay Tag,DIV
0,1,3.13,2189,2.19,0.28,6.24,N/A,25.9,1.69,2024-12-20,M06804,1,000029,N/A,N/A,N/A,N/A,N/A,N/A
1,1,8.84,1707,1.71,0.32,4.45,3.79,39.53,1.43,2024-12-20,M06804,1,000029,MED,#55aaff,15.11.2024,0,Run #000029,35
2,1,12.63,2098,2.1,0.29,5.77,5.05,30.37,1.58,2024-12-20,M06804,1,000029,HIGH,#55aaff,15.11.2024,0,Run #000029,35
3,1,17.68,1516,1.52,0.33,3.88,4.74,41.3,1.41,2024-12-20,M06804,1,000029,LOW,#55aaff,15.11.2024,0,Run #000029,35
4,1,22.42,1804,1.8,0.31,4.74,5.81,40.9,1.39,2024-12-20,M06804,1,000029,HIGH,#ffaaff,15.11.2024,1,Run #000029,35
5,1,28.23,1727,1.73,0.32,4.5,6.35,41.21,1.36,2024-12-20,M06804,1,000029,LOW,#ffaaff,15.11.2024,1,Run #000029,35
6,1,34.58,1556,1.56,0.33,3.99,4.98,44.28,1.36,2024-12-20,M06804,1,000029,MED,#ffaaff,15.11.2024,1,Run #000029,35
7,1,39.56,1662,1.66,0.31,4.37,6.69,38.2,1.37,2024-12-20,M06804,1,000029,N/A,N/A,N/A,N/A,N/A,N/A
8,1,46.25,1994,1.99,0.3,5.43,5.14,33.77,1.6,2024-12-20,M06804,1,000029,N/A,N/A,N/A,N/A,N/A,N/A
9,1,51.39,1827,1.83,0.31,4.86,8.03,39.32,1.42,2024-12-20,M06804,1,000029,N/A,N/A,N/A,N/A,N/A,N/A
10,1,59.42,2234,2.23,0.28,6.22,9.32,30.36,1.56,2024-12-20,M06804,1,000029,N/A,N/A,N/A,N/A,N/A,N/A
11,1,68.74,1731,1.73,0.31,4.53,5.25,39.02,1.4,2024-12-20,M06804,1,000029,N/A,N/A,N/A,N/A,N/A,N/A
12,1,73.99,1625,1.62,0.34,4.07,5.65,45.11,1.4,2024-12-20,M06804,1,000029,N/A,N/A,N/A,N/A,N/A,N/A
13,1,79.64,1741,1.74,0.33,4.46,5.23,43.46,1.4,2024-12-20,M06804,1,000029,N/A,N/A,N/A,N/A,N/A,N/A
14,1,84.87,1713,1.71,0.35,4.29,4.28,45.68,1.42,2024-12-20,M06804,1,000029,N/A,N/A,N/A,N/A,N/A,N/A
15,1,89.15,1925,1.92,0.32,4.97,7.38,42.09,1.4,2024-12-20,M06804,1,000029,N/A,N/A,N/A,N/A,N/A,N/A
16,1,96.53,1947,1.95,0.3,5.32,5.71,33.79,1.52,2024-12-20,M06804,1,000029,N/A,N/A,N/A,N/A,N/A,N/A
17,1,102.24,1625,1.62,0.35,3.99,4.82,47.2,1.34,2024-12-20,M06804,1,000029,N/A,N/A,N/A,N/A,N/A,N/A
18,1,107.06,2249,2.25,0.29,6.44,5.44,25.78,1.75,2024-12-20,M06804,1,000029,N/A,N/A,N/A,N/A,N/A,N/A
19,1,112.5,1758,1.76,0.34,4.4,5.8,45.03,1.33,2024-12-20,M06804,1,000029,N/A,N/A,N/A,N/A,N/A,N/A
20,1,118.3,1949,1.95,0.32,5.26,4.63,37.76,1.44,2024-12-20,M06804,1,000029,N/A,N/A,N/A,N/A,N/A,N/A
21,1,122.93,2336,2.34,0.29,6.68,4.98,25.83,1.71,2024-12-20,M06804,1,000029,N/A,N/A,N/A,N/A,N/A,N/A
22,1,127.91,2349,2.35,0.29,6.68,4.99,26.07,1.71,2024-12-20,M06804,1,000029,N/A,N/A,N/A,N/A,N/A,N/A
23,1,132.9,2097,2.1,0.3,5.81,5.06,29.92,1.61,2024-12-20,M06804,1,000029,N/A,N/A,N/A,N/A,N/A,N/A
24,1,137.96,1596,1.6,0.35,3.95,4.53,44.52,1.38,2024-12-20,M06804,1,000029,N/A,N/A,N/A,N/A,N/A,N/A
25,1,142.49,1702,1.7,0.34,4.27,4.16,42.72,1.38,2024-12-20,M06804,1,000029,N/A,N/A,N/A,N/A,N/A,N/A
26,1,146.65,1700,1.7,0.34,4.28,4.88,43.59,1.37,2024-12-20,M06804,1,000029,N/A,N/A,N/A,N/A,N/A,N/A
27,1,151.53,1573,1.57,0.36,3.84,4.71,45.67,1.35,2024-12-20,M06804,1,000029,N/A,N/A,N/A,N/A,N/A,N/A
28,1,156.24,1925,1.92,0.32,5.2,4.53,38.8,1.42,2024-12-20,M06804,1,000029,N/A,N/A,N/A,N/A,N/A,N/A
29,1,160.77,1668,1.67,0.33,4.24,4.19,43.33,1.39,2024-12-20,M06804,1,000029,N/A,N/A,N/A,N/A,N/A,N/A
30,1,164.96,1839,1.84,0.31,4.88,5.32,35.93,1.56,2024-12-20,M06804,1,000029,N/A,N/A,N/A,N/A,N/A,N/A
31,1,170.28,2333,2.33,0.28,6.66,3.51,24.49,1.72,2024-12-20,M06804,1,000029,N/A,N/A,N/A,N/A,N/A,N/A
32,1,173.79,2038,2.04,0.3,5.56,5.45,32.17,1.54,2024-12-20,M06804,1,000029,N/A,N/A,N/A,N/A,N/A,N/A
33,1,179.24,1871,1.87,0.3,5.34,5.44,35.49,1.47,2024-12-20,M06804,1,000029,N/A,N/A,N/A,N/A,N/A,N/A
34,1,184.68,2316,2.32,0.28,6.6,4.89,24.27,1.7,2024-12-20,M06804,1,000029,N/A,N/A,N/A,N/A,N/A,N/A
35,1,189.57,2323,2.32,0.28,6.57,4.42,25.66,1.68,2024-12-20,M06804,1,000029,N/A,N/A,N/A,N/A,N/A,N/A
36,1,193.99,1629,1.63,0.33,4.12,4.6,44.53,1.31,2024-12-20,M06804,1,000029,N/A,N/A,N/A,N/A,N/A,N/A
37,1,198.59,903,0.9,0.49,1.73,1.77,45.3,1.14,2024-12-20,M06804,1,000029,N/A,N/A,N/A,N/A,N/A,N/A
38,1,200.36,1711,1.71,0.31,4.52,5.35,39.18,1.41,2024-12-20,M06804,1,000029,N/A,N/A,N/A,N/A,N/A,N/A
39,1,205.71,2511,2.51,0.29,7.41,4.9,25.37,1.65,2024-12-20,M06804,1,000029,N/A,N/A,N/A,N/A,N/A,N/A
40,1,210.61,1701,1.7,0.32,4.45,4.44,40.36,1.4,2024-12-20,M06804,1,000029,N/A,N/A,N/A,N/A,N/A,N/A
41,1,215.05,2293,2.29,0.28,6.57,5.07,25.65,1.69,2024-12-20,M06804,1,000029,N/A,N/A,N/A,N/A,N/A,N/A
42,1,220.12,1850,1.85,0.32,4.78,4.97,42.47,1.4,2024-12-20,M06804,1,000029,N/A,N/A,N/A,N/A,N/A,N/A
43,1,225.09,1514,1.51,0.35,3.73,5.72,44.71,1.42,2024-12-20,M06804,1,000029,N/A,N/A,N/A,N/A,N/A,N/A
44,1,230.81,1694,1.69,0.33,4.44,5.37,41.19,1.35,2024-12-20,M06804,1,000029,N/A,N/A,N/A,N/A,N/A,N/A
45,1,236.18,2129,2.13,0.29,5.91,4.88,29.27,1.6,2024-12-20,M06804,1,000029,N/A,N/A,N/A,N/A,N/A,N/A
46,1,241.06,1670,1.67,0.33,4.25,5.55,42.7,1.37,2024-12-20,M06804,1,000029,N/A,N/A,N/A,N/A,N/A,N/A
47,1,246.61,2251,2.25,0.28,6.42,4.7,24.7,1.72,2024-12-20,M06804,1,000029,N/A,N/A,N/A,N/A,N/A,N/A
48,1,251.31,1708,1.71,0.32,4.45,4.7,39.72,1.44,2024-12-20,M06804,1,000029,N/A,N/A,N/A,N/A,N/A,N/A
49,1,256.01,1805,1.8,0.32,4.79,4.72,39.78,1.38,2024-12-20,M06804,1,000029,N/A,N/A,N/A,N/A,N/A,N/A
50,1,260.73,2033,2.03,0.3,5.61,3.69,32.09,1.56,2024-12-20,M06804,1,000029,N/A,N/A,N/A,N/A,N/A,N/A
51,1,264.42,2002,2.0,0.3,5.49,5.01,31.78,1.58,2024-12-20,M06804,1,000029,N/A,N/A,N/A,N/A,N/A,N/A
52,1,269.43,2046,2.05,0.3,5.63,4.69,31.46,1.7,2024-12-20,M06804,1,000029,N/A,N/A,N/A,N/A,N/A,N/A
53,1,274.12,1765,1.76,0.32,4.58,4.69,41.81,1.39,2024-12-20,M06804,1,000029,N/A,N/A,N/A,N/A,N/A,N/A
54,1,278.81,2119,2.12,0.3,5.93,4.34,31.26,1.55,2024-12-20,M06804,1,000029,N/A,N/A,N/A,N/A,N/A,N/A
55,1,283.15,1559,1.56,0.34,3.85,4.81,44.14,1.31,2024-12-20,M06804,1,000029,N/A,N/A,N/A,N/A,N/A,N/A
56,1,287.96,1791,1.79,0.31,4.73,4.96,39.96,1.42,2024-12-20,M06804,1,000029,N/A,N/A,N/A,N/A,N/A,N/A
57,1,292.92,1570,1.57,0.37,3.98,5.02,46.66,1.3,2024-12-20,M06804,1,000029,N/A,N/A,N/A,N/A,N/A,N/A
58,1,297.94,2179,2.18,0.28,6.22,N/A,25.0,1.73,2024-12-20,M06804,1,000029,N/A,N/A,N/A,N/A,N/A,N/A
59,2,0.53,3138,3.24,0.28,8.97,N/A,27.94,1.18,2024-12-20,M06804,2,000029,N/A,N/A,N/A,N/A,N/A,N/A
60,2,2.92,3386,3.49,0.26,9.58,1.14,22.86,1.08,2024-12-20,M06804,2,000029,N/A,N/A,N/A,N/A,N/A,N/A
61,2,4.06,1557,1.61,0.23,4.66,2.08,26.07,1.02,2024-12-20,M06804,2,000029,N/A,N/A,N/A,N/A,N/A,N/A
62,2,6.14,2451,2.53,0.25,7.04,2.11,25.07,1.14,2024-12-20,M06804,2,000029,N/A,N/A,N/A,N/A,N/A,N/A
63,2,8.25,1503,1.55,0.35,4.55,1.67,44.96,1.33,2024-12-20,M06804,2,000029,N/A,N/A,N/A,N/A,N/A,N/A
64,2,9.92,3611,3.73,0.33,8.71,1.47,36.59,1.47,2024-12-20,M06804,2,000029,N/A,N/A,N/A,N/A,N/A,N/A
65,2,11.39,1605,1.66,0.26,4.63,2.19,37.42,1.1,2024-12-20,M06804,2,000029,N/A,N/A,N/A,N/A,N/A,N/A
66,2,13.58,2613,2.7,0.25,7.36,1.07,26.41,0.96,2024-12-20,M06804,2,000029,N/A,N/A,N/A,N/A,N/A,N/A
67,2,14.65,3771,3.89,0.34,9.33,1.25,41.22,1.23,2024-12-20,M06804,2,000029,N/A,N/A,N/A,N/A,N/A,N/A
68,2,15.9,1847,1.91,0.25,5.48,1.42,24.03,0.9,2024-12-20,M06804,2,000029,N/A,N/A,N/A,N/A,N/A,N/A
69,2,17.32,1757,1.81,0.21,5.27,1.9,25.96,0.84,2024-12-20,M06804,2,000029,N/A,N/A,N/A,N/A,N/A,N/A
70,2,19.22,3101,3.2,0.27,8.9,1.23,28.4,1.24,2024-12-20,M06804,2,000029,N/A,N/A,N/A,N/A,N/A,N/A
71,2,20.45,3105,3.2,0.39,7.26,1.19,36.68,1.25,2024-12-20,M06804,2,000029,N/A,N/A,N/A,N/A,N/A,N/A
72,2,21.64,2720,2.81,0.26,7.92,1.19,23.72,0.96,2024-12-20,M06804,2,000029,N/A,N/A,N/A,N/A,N/A,N/A
73,2,22.83,1916,1.98,0.25,5.6,1.94,19.93,0.97,2024-12-20,M06804,2,000029,N/A,N/A,N/A,N/A,N/A,N/A
74,2,24.77,2124,2.19,0.28,6.07,1.44,34.59,0.95,2024-12-20,M06804,2,000029,N/A,N/A,N/A,N/A,N/A,N/A
75,2,26.21,2126,2.19,0.29,6.38,1.12,30.33,1.1,2024-12-20,M06804,2,000029,N/A,N/A,N/A,N/A,N/A,N/A
76,2,27.33,2143,2.21,0.3,5.91,1.66,47.93,1.27,2024-12-20,M06804,2,000029,N/A,N/A,N/A,N/A,N/A,N/A
77,2,28.99,2088,2.15,0.3,5.63,1.07,41.53,1.19,2024-12-20,M06804,2,000029,N/A,N/A,N/A,N/A,N/A,N/A
78,2,30.06,2534,2.62,0.4,5.81,1.31,57.12,1.3,2024-12-20,M06804,2,000029,N/A,N/A,N/A,N/A,N/A,N/A
79,2,31.37,2466,2.54,0.26,6.85,1.53,37.41,1.02,2024-12-20,M06804,2,000029,N/A,N/A,N/A,N/A,N/A,N/A
80,2,32.9,1454,1.5,0.2,5.25,1.92,15.24,1.09,2024-12-20,M06804,2,000029,N/A,N/A,N/A,N/A,N/A,N/A
81,2,34.82,1979,2.04,0.27,5.96,2.01,39.45,1.17,2024-12-20,M06804,2,000029,N/A,N/A,N/A,N/A,N/A,N/A
82,2,36.83,4326,4.46,0.38,10.8,2.39,36.11,1.15,2024-12-20,M06804,2,000029,N/A,N/A,N/A,N/A,N/A,N/A
83,2,39.22,2348,2.42,0.33,6.66,1.29,39.92,1.29,2024-12-20,M06804,2,000029,N/A,N/A,N/A,N/A,N/A,N/A
84,2,40.51,2405,2.48,0.34,6.44,1.2,43.19,1.2,2024-12-20,M06804,2,000029,N/A,N/A,N/A,N/A,N/A,N/A
85,2,41.71,2486,2.57,0.27,7.59,2.07,24.66,0.98,2024-12-20,M06804,2,000029,N/A,N/A,N/A,N/A,N/A,N/A
86,2,43.78,3601,3.72,0.31,9.46,1.12,35.13,1.1,2024-12-20,M06804,2,000029,N/A,N/A,N/A,N/A,N/A,N/A
87,2,44.9,1835,1.89,0.32,5.1,1.78,35.5,1.34,2024-12-20,M06804,2,000029,N/A,N/A,N/A,N/A,N/A,N/A
88,2,46.68,2411,2.49,0.27,6.71,1.0,27.37,0.98,2024-12-20,M06804,2,000029,N/A,N/A,N/A,N/A,N/A,N/A
89,2,47.68,3666,3.78,0.32,10.75,2.85,31.29,1.22,2024-12-20,M06804,2,000029,N/A,N/A,N/A,N/A,N/A,N/A
90,2,50.53,4192,4.33,0.42,8.11,1.69,54.09,1.43,2024-12-20,M06804,2,000029,N/A,N/A,N/A,N/A,N/A,N/A
91,2,52.22,1876,1.94,0.26,5.52,1.54,30.03,0.95,2024-12-20,M06804,2,000029,N/A,N/A,N/A,N/A,N/A,N/A
92,2,53.76,2817,2.91,0.25,7.92,3.18,27.12,1.04,2024-12-20,M06804,2,000029,N/A,N/A,N/A,N/A,N/A,N/A
93,2,56.94,3058,3.16,0.27,9.25,2.82,17.96,0.97,2024-12-20,M06804,2,000029,N/A,N/A,N/A,N/A,N/A,N/A
94,2,59.76,2034,2.1,0.25,5.76,1.3,33.2,1.17,2024-12-20,M06804,2,000029,N/A,N/A,N/A,N/A,N/A,N/A
95,2,61.06,2059,2.12,0.27,6.14,1.79,22.69,1.27,2024-12-20,M06804,2,000029,N/A,N/A,N/A,N/A,N/A,N/A
96,2,62.85,2216,2.29,0.26,6.48,1.56,18.54,1.04,2024-12-20,M06804,2,000029,N/A,N/A,N/A,N/A,N/A,N/A
97,2,64.41,2098,2.17,0.29,5.92,1.51,41.94,1.13,2024-12-20,M06804,2,000029,N/A,N/A,N/A,N/A,N/A,N/A
98,2,65.92,4676,4.83,0.63,7.23,2.61,65.0,1.47,2024-12-20,M06804,2,000029,N/A,N/A,N/A,N/A,N/A,N/A
99,2,68.53,3730,3.85,0.3,10.66,1.99,26.78,1.09,2024-12-20,M06804,2,000029,N/A,N/A,N/A,N/A,N/A,N/A
100,2,70.52,2141,2.21,0.32,6.51,1.18,33.12,1.34,2024-12-20,M06804,2,000029,N/A,N/A,N/A,N/A,N/A,N/A
101,2,71.7,2350,2.43,0.28,6.16,1.34,43.31,1.23,2024-12-20,M06804,2,000029,N/A,N/A,N/A,N/A,N/A,N/A
102,2,73.04,2548,2.63,0.26,7.71,1.09,24.62,0.96,2024-12-20,M06804,2,000029,N/A,N/A,N/A,N/A,N/A,N/A
103,2,74.13,2024,2.09,0.24,5.81,1.15,32.71,1.02,2024-12-20,M06804,2,000029,N/A,N/A,N/A,N/A,N/A,N/A
104,2,75.28,2386,2.46,0.31,7.01,1.54,36.43,1.3,2024-12-20,M06804,2,000029,N/A,N/A,N/A,N/A,N/A,N/A
105,2,76.82,2656,2.74,0.36,6.64,1.39,46.22,1.32,2024-12-20,M06804,2,000029,N/A,N/A,N/A,N/A,N/A,N/A
106,2,78.21,2386,2.46,0.27,7.08,1.68,25.63,1.16,2024-12-20,M06804,2,000029,N/A,N/A,N/A,N/A,N/A,N/A
107,2,79.89,2492,2.57,0.27,7.01,1.18,28.77,1.14,2024-12-20,M06804,2,000029,N/A,N/A,N/A,N/A,N/A,N/A
108,2,81.07,2146,2.21,0.26,6.11,1.16,37.65,1.03,2024-12-20,M06804,2,000029,N/A,N/A,N/A,N/A,N/A,N/A
109,2,82.23,4218,4.35,0.27,12.4,2.55,22.12,1.18,2024-12-20,M06804,2,000029,N/A,N/A,N/A,N/A,N/A,N/A
110,2,84.78,2749,2.84,0.41,7.59,1.23,43.22,1.37,2024-12-20,M06804,2,000029,N/A,N/A,N/A,N/A,N/A,N/A
111,2,86.01,2978,3.07,0.35,7.09,1.89,44.63,1.28,2024-12-20,M06804,2,000029,N/A,N/A,N/A,N/A,N/A,N/A
112,2,87.9,1958,2.02,0.27,5.18,2.64,33.22,1.17,2024-12-20,M06804,2,000029,N/A,N/A,N/A,N/A,N/A,N/A
113,2,90.54,2304,2.38,0.28,6.46,1.7,38.64,1.1,2024-12-20,M06804,2,000029,N/A,N/A,N/A,N/A,N/A,N/A
114,2,92.24,3702,3.82,0.28,10.58,1.48,22.82,1.08,2024-12-20,M06804,2,000029,N/A,N/A,N/A,N/A,N/A,N/A
115,2,93.72,2376,2.45,0.31,5.9,1.88,55.53,1.22,2024-12-20,M06804,2,000029,N/A,N/A,N/A,N/A,N/A,N/A
116,2,95.6,1603,1.65,0.22,4.89,1.59,34.32,1.29,2024-12-20,M06804,2,000029,N/A,N/A,N/A,N/A,N/A,N/A
117,2,97.19,2800,2.89,0.25,8.06,3.1,20.79,1.03,2024-12-20,M06804,2,000029,N/A,N/A,N/A,N/A,N/A,N/A
118,2,100.29,2172,2.24,0.26,6.35,1.95,28.89,1.09,2024-12-20,M06804,2,000029,N/A,N/A,N/A,N/A,N/A,N/A
119,2,102.24,2559,2.64,0.34,6.71,2.4,34.2,1.0,2024-12-20,M06804,2,000029,N/A,N/A,N/A,N/A,N/A,N/A
120,2,104.64,1819,1.88,0.32,4.99,1.07,33.04,1.16,2024-12-20,M06804,2,000029,N/A,N/A,N/A,N/A,N/A,N/A
121,2,105.71,2442,2.52,0.27,6.85,2.77,31.52,1.05,2024-12-20,M06804,2,000029,N/A,N/A,N/A,N/A,N/A,N/A
122,2,108.48,2399,2.48,0.24,6.95,1.62,21.14,1.08,2024-12-20,M06804,2,000029,N/A,N/A,N/A,N/A,N/A,N/A
123,2,110.1,2311,2.38,0.23,6.79,1.43,19.53,0.92,2024-12-20,M06804,2,000029,N/A,N/A,N/A,N/A,N/A,N/A
124,2,111.53,2777,2.87,0.29,8.08,3.72,28.29,1.18,2024-12-20,M06804,2,000029,N/A,N/A,N/A,N/A,N/A,N/A
125,2,115.25,3858,3.98,0.51,7.16,2.15,60.95,1.51,2024-12-20,M06804,2,000029,N/A,N/A,N/A,N/A,N/A,N/A
126,2,117.4,3165,3.27,0.27,8.8,1.75,28.56,1.08,2024-12-20,M06804,2,000029,N/A,N/A,N/A,N/A,N/A,N/A
127,2,119.15,2466,2.54,0.24,7.26,1.44,27.01,0.98,2024-12-20,M06804,2,000029,N/A,N/A,N/A,N/A,N/A,N/A
128,2,120.59,2981,3.08,0.33,7.47,1.28,38.44,1.3,2024-12-20,M06804,2,000029,N/A,N/A,N/A,N/A,N/A,N/A
129,2,121.87,1925,1.99,0.32,5.41,2.58,34.74,1.2,2024-12-20,M06804,2,000029,N/A,N/A,N/A,N/A,N/A,N/A
130,2,124.45,2137,2.21,0.37,5.31,1.9,55.3,1.23,2024-12-20,M06804,2,000029,N/A,N/A,N/A,N/A,N/A,N/A
131,2,126.35,3391,3.5,0.29,10.42,3.44,22.98,1.09,2024-12-20,M06804,2,000029,N/A,N/A,N/A,N/A,N/A,N/A
132,2,129.79,1785,1.84,0.3,5.05,1.04,44.22,1.06,2024-12-20,M06804,2,000029,N/A,N/A,N/A,N/A,N/A,N/A
133,2,130.83,2045,2.11,0.29,6.23,1.19,22.11,1.01,2024-12-20,M06804,2,000029,N/A,N/A,N/A,N/A,N/A,N/A
134,2,132.02,2805,2.89,0.26,8.11,1.42,29.23,1.16,2024-12-20,M06804,2,000029,N/A,N/A,N/A,N/A,N/A,N/A
135,2,133.44,2605,2.69,0.33,7.22,1.9,35.0,1.05,2024-12-20,M06804,2,000029,N/A,N/A,N/A,N/A,N/A,N/A
136,2,135.34,2236,2.31,0.24,6.49,1.55,22.4,1.05,2024-12-20,M06804,2,000029,N/A,N/A,N/A,N/A,N/A,N/A
137,2,136.89,3415,3.52,0.37,8.77,1.87,40.58,1.28,2024-12-20,M06804,2,000029,N/A,N/A,N/A,N/A,N/A,N/A
138,2,138.76,1981,2.04,0.26,5.99,2.39,25.41,0.97,2024-12-20,M06804,2,000029,N/A,N/A,N/A,N/A,N/A,N/A
139,2,141.15,1778,1.83,0.35,4.67,2.3,49.14,1.2,2024-12-20,M06804,2,000029,N/A,N/A,N/A,N/A,N/A,N/A
140,2,143.45,2880,2.97,0.3,8.07,1.45,38.07,1.19,2024-12-20,M06804,2,000029,N/A,N/A,N/A,N/A,N/A,N/A
141,2,144.9,3164,3.27,0.3,8.92,1.47,35.94,1.04,2024-12-20,M06804,2,000029,N/A,N/A,N/A,N/A,N/A,N/A
142,2,146.37,2899,2.99,0.27,8.32,2.15,33.79,1.32,2024-12-20,M06804,2,000029,N/A,N/A,N/A,N/A,N/A,N/A
143,2,148.52,1626,1.68,0.23,5.03,1.76,18.01,0.85,2024-12-20,M06804,2,000029,N/A,N/A,N/A,N/A,N/A,N/A
144,2,150.28,2905,3.0,0.29,7.8,1.49,27.64,1.15,2024-12-20,M06804,2,000029,N/A,N/A,N/A,N/A,N/A,N/A
145,2,151.77,3484,3.6,0.27,9.83,3.0,27.25,1.04,2024-12-20,M06804,2,000029,N/A,N/A,N/A,N/A,N/A,N/A
146,2,154.77,1968,2.03,0.3,5.52,2.16,44.89,1.32,2024-12-20,M06804,2,000029,N/A,N/A,N/A,N/A,N/A,N/A
147,2,156.93,3164,3.27,0.38,7.23,1.42,47.64,1.34,2024-12-20,M06804,2,000029,N/A,N/A,N/A,N/A,N/A,N/A
148,2,158.35,2222,2.29,0.25,6.11,1.68,27.9,1.15,2024-12-20,M06804,2,000029,N/A,N/A,N/A,N/A,N/A,N/A
149,2,160.03,4321,4.46,0.28,11.79,2.83,28.02,1.15,2024-12-20,M06804,2,000029,N/A,N/A,N/A,N/A,N/A,N/A
150,2,162.86,4382,4.52,0.3,11.49,1.11,32.65,1.37,2024-12-20,M06804,2,000029,N/A,N/A,N/A,N/A,N/A,N/A
151,2,163.97,1894,1.95,0.27,5.45,1.12,35.51,1.19,2024-12-20,M06804,2,000029,N/A,N/A,N/A,N/A,N/A,N/A
152,2,165.09,1775,1.83,0.26,5.58,2.17,22.63,1.03,2024-12-20,M06804,2,000029,N/A,N/A,N/A,N/A,N/A,N/A
153,2,167.26,3188,3.29,0.34,8.99,2.06,36.08,1.18,2024-12-20,M06804,2,000029,N/A,N/A,N/A,N/A,N/A,N/A
154,2,169.32,3854,3.98,0.36,8.18,1.08,51.01,1.44,2024-12-20,M06804,2,000029,N/A,N/A,N/A,N/A,N/A,N/A
155,2,170.4,3094,3.19,0.3,9.0,1.39,31.36,1.17,2024-12-20,M06804,2,000029,N/A,N/A,N/A,N/A,N/A,N/A
156,2,171.79,2231,2.3,0.26,6.52,1.23,34.48,1.08,2024-12-20,M06804,2,000029,N/A,N/A,N/A,N/A,N/A,N/A
157,2,173.02,1620,1.67,0.26,4.77,1.87,34.59,1.0,2024-12-20,M06804,2,000029,N/A,N/A,N/A,N/A,N/A,N/A
158,2,174.89,2273,2.35,0.31,7.2,2.52,26.15,0.93,2024-12-20,M06804,2,000029,N/A,N/A,N/A,N/A,N/A,N/A
159,2,177.41,3153,3.25,0.35,9.2,2.32,26.31,1.09,2024-12-20,M06804,2,000029,N/A,N/A,N/A,N/A,N/A,N/A
160,2,179.73,2390,2.47,0.24,6.65,3.05,27.79,1.01,2024-12-20,M06804,2,000029,N/A,N/A,N/A,N/A,N/A,N/A
161,2,182.78,2329,2.4,0.24,6.69,1.36,22.7,1.02,2024-12-20,M06804,2,000029,N/A,N/A,N/A,N/A,N/A,N/A
162,2,184.14,2697,2.78,0.32,7.88,1.25,27.3,1.11,2024-12-20,M06804,2,000029,N/A,N/A,N/A,N/A,N/A,N/A
163,2,185.39,3829,3.95,0.4,8.32,2.4,52.16,1.38,2024-12-20,M06804,2,000029,N/A,N/A,N/A,N/A,N/A,N/A
164,2,187.79,1643,1.7,0.23,5.1,1.93,35.55,0.99,2024-12-20,M06804,2,000029,N/A,N/A,N/A,N/A,N/A,N/A
165,2,189.72,2485,2.56,0.34,7.72,1.46,28.72,1.28,2024-12-20,M06804,2,000029,N/A,N/A,N/A,N/A,N/A,N/A
166,2,191.18,2754,2.84,0.31,7.85,1.11,27.85,1.05,2024-12-20,M06804,2,000029,N/A,N/A,N/A,N/A,N/A,N/A
167,2,192.29,1893,1.95,0.24,5.59,1.03,24.86,0.96,2024-12-20,M06804,2,000029,N/A,N/A,N/A,N/A,N/A,N/A
168,2,193.32,3188,3.29,0.27,9.04,1.73,27.37,1.04,2024-12-20,M06804,2,000029,N/A,N/A,N/A,N/A,N/A,N/A
169,2,195.05,2514,2.59,0.28,6.85,2.1,32.73,1.04,2024-12-20,M06804,2,000029,N/A,N/A,N/A,N/A,N/A,N/A
170,2,197.15,2533,2.61,0.31,6.81,1.56,40.49,1.27,2024-12-20,M06804,2,000029,N/A,N/A,N/A,N/A,N/A,N/A
171,2,198.71,1196,1.23,0.23,4.76,1.12,20.9,1.12,2024-12-20,M06804,2,000029,N/A,N/A,N/A,N/A,N/A,N/A
172,2,199.83,2120,2.19,0.23,6.23,1.55,16.56,1.0,2024-12-20,M06804,2,000029,N/A,N/A,N/A,N/A,N/A,N/A
173,2,201.38,1687,1.74,0.23,5.08,1.0,29.45,1.11,2024-12-20,M06804,2,000029,N/A,N/A,N/A,N/A,N/A,N/A
174,2,202.38,4853,5.01,0.56,7.59,2.11,64.66,1.61,2024-12-20,M06804,2,000029,N/A,N/A,N/A,N/A,N/A,N/A
175,2,204.49,2082,2.15,0.29,5.74,1.88,28.33,1.17,2024-12-20,M06804,2,000029,N/A,N/A,N/A,N/A,N/A,N/A
176,2,206.37,2658,2.74,0.3,7.19,1.93,41.32,1.2,2024-12-20,M06804,2,000029,N/A,N/A,N/A,N/A,N/A,N/A
177,2,208.3,3511,3.62,0.32,9.54,1.13,31.36,1.06,2024-12-20,M06804,2,000029,N/A,N/A,N/A,N/A,N/A,N/A
178,2,209.43,2085,2.15,0.24,6.08,1.26,18.78,0.93,2024-12-20,M06804,2,000029,N/A,N/A,N/A,N/A,N/A,N/A
179,2,210.69,3517,3.63,0.35,8.76,1.5,46.95,1.13,2024-12-20,M06804,2,000029,N/A,N/A,N/A,N/A,N/A,N/A
180,2,212.19,2560,2.64,0.27,7.32,2.6,33.04,1.0,2024-12-20,M06804,2,000029,N/A,N/A,N/A,N/A,N/A,N/A
181,2,214.79,1729,1.78,0.38,5.0,2.42,31.13,1.3,2024-12-20,M06804,2,000029,N/A,N/A,N/A,N/A,N/A,N/A
182,2,217.21,2758,2.85,0.49,6.38,2.62,40.5,1.3,2024-12-20,M06804,2,000029,N/A,N/A,N/A,N/A,N/A,N/A
183,2,219.83,2911,3.0,0.36,7.43,1.69,37.79,1.27,2024-12-20,M06804,2,000029,N/A,N/A,N/A,N/A,N/A,N/A
184,2,221.52,2116,2.18,0.26,6.45,1.3,35.33,1.05,2024-12-20,M06804,2,000029,N/A,N/A,N/A,N/A,N/A,N/A
185,2,222.82,2772,2.86,0.31,7.72,1.67,35.26,0.99,2024-12-20,M06804,2,000029,N/A,N/A,N/A,N/A,N/A,N/A
186,2,224.49,1615,1.67,0.22,5.47,1.05,19.74,0.97,2024-12-20,M06804,2,000029,N/A,N/A,N/A,N/A,N/A,N/A
187,2,225.54,4246,4.38,0.36,10.46,2.02,37.46,1.23,2024-12-20,M06804,2,000029,N/A,N/A,N/A,N/A,N/A,N/A
188,2,227.56,2468,2.55,0.39,5.49,1.28,47.02,1.16,2024-12-20,M06804,2,000029,N/A,N/A,N/A,N/A,N/A,N/A
189,2,228.84,1608,1.66,0.24,4.7,2.28,29.34,0.96,2024-12-20,M06804,2,000029,N/A,N/A,N/A,N/A,N/A,N/A
190,2,231.12,3452,3.56,0.61,5.68,2.18,60.58,1.45,2024-12-20,M06804,2,000029,N/A,N/A,N/A,N/A,N/A,N/A
191,2,233.3,2464,2.54,0.27,7.05,1.96,25.53,0.92,2024-12-20,M06804,2,000029,N/A,N/A,N/A,N/A,N/A,N/A
192,2,235.26,2683,2.77,0.26,7.44,1.94,27.74,1.06,2024-12-20,M06804,2,000029,N/A,N/A,N/A,N/A,N/A,N/A
193,2,237.2,2828,2.92,0.25,8.42,1.84,17.71,1.12,2024-12-20,M06804,2,000029,N/A,N/A,N/A,N/A,N/A,N/A
194,2,239.04,2307,2.38,0.37,6.15,3.18,38.09,1.18,2024-12-20,M06804,2,000029,N/A,N/A,N/A,N/A,N/A,N/A
195,2,242.22,1508,1.56,0.24,4.95,1.49,25.1,1.06,2024-12-20,M06804,2,000029,N/A,N/A,N/A,N/A,N/A,N/A
196,2,243.71,4410,4.55,0.59,6.81,1.63,70.49,1.53,2024-12-20,M06804,2,000029,N/A,N/A,N/A,N/A,N/A,N/A
197,2,245.34,1568,1.62,0.24,4.8,1.46,29.17,0.94,2024-12-20,M06804,2,000029,N/A,N/A,N/A,N/A,N/A,N/A
198,2,246.8,3565,3.68,0.41,7.57,1.66,55.77,1.26,2024-12-20,M06804,2,000029,N/A,N/A,N/A,N/A,N/A,N/A
199,2,248.46,1720,1.78,0.2,4.99,1.86,26.74,1.04,2024-12-20,M06804,2,000029,N/A,N/A,N/A,N/A,N/A,N/A
200,2,250.32,2660,2.75,0.27,7.66,1.12,26.23,1.2,2024-12-20,M06804,2,000029,N/A,N/A,N/A,N/A,N/A,N/A
201,2,251.44,2028,2.09,0.26,5.86,1.46,27.62,1.22,2024-12-20,M06804,2,000029,N/A,N/A,N/A,N/A,N/A,N/A
202,2,252.9,3640,3.76,0.26,10.44,2.77,27.9,1.05,2024-12-20,M06804,2,000029,N/A,N/A,N/A,N/A,N/A,N/A
203,2,255.67,2753,2.84,0.26,8.2,1.4,25.34,0.96,2024-12-20,M06804,2,000029,N/A,N/A,N/A,N/A,N/A,N/A
204,2,257.07,2095,2.16,0.27,6.08,1.81,30.07,1.07,2024-12-20,M06804,2,000029,N/A,N/A,N/A,N/A,N/A,N/A
205,2,258.88,4188,4.32,0.27,11.76,3.61,23.27,1.04,2024-12-20,M06804,2,000029,N/A,N/A,N/A,N/A,N/A,N/A
206,2,262.49,2580,2.66,0.31,7.99,2.29,25.91,1.28,2024-12-20,M06804,2,000029,N/A,N/A,N/A,N/A,N/A,N/A
207,2,264.78,2361,2.44,0.26,6.79,2.43,24.85,1.01,2024-12-20,M06804,2,000029,N/A,N/A,N/A,N/A,N/A,N/A
208,2,267.21,3446,3.56,0.56,5.79,2.99,62.6,1.54,2024-12-20,M06804,2,000029,N/A,N/A,N/A,N/A,N/A,N/A
209,2,270.2,3043,3.14,0.26,8.66,2.61,25.65,0.93,2024-12-20,M06804,2,000029,N/A,N/A,N/A,N/A,N/A,N/A
210,2,272.81,2786,2.88,0.43,6.95,2.62,55.04,1.39,2024-12-20,M06804,2,000029,N/A,N/A,N/A,N/A,N/A,N/A
211,2,275.43,2377,2.45,0.25,7.15,2.81,19.27,0.93,2024-12-20,M06804,2,000029,N/A,N/A,N/A,N/A,N/A,N/A
212,2,278.24,2254,2.33,0.25,6.77,2.08,18.92,0.98,2024-12-20,M06804,2,000029,N/A,N/A,N/A,N/A,N/A,N/A
213,2,280.32,3021,3.12,0.47,5.31,2.25,58.64,1.46,2024-12-20,M06804,2,000029,N/A,N/A,N/A,N/A,N/A,N/A
214,2,282.57,2638,2.72,0.25,7.67,1.28,27.15,1.02,2024-12-20,M06804,2,000029,N/A,N/A,N/A,N/A,N/A,N/A
215,2,283.85,2812,2.9,0.27,7.75,2.53,34.79,1.06,2024-12-20,M06804,2,000029,N/A,N/A,N/A,N/A,N/A,N/A
216,2,286.38,4025,4.15,0.32,10.77,1.06,30.11,1.18,2024-12-20,M06804,2,000029,N/A,N/A,N/A,N/A,N/A,N/A
217,2,287.44,2752,2.84,0.27,7.6,2.67,30.15,1.12,2024-12-20,M06804,2,000029,N/A,N/A,N/A,N/A,N/A,N/A
218,2,290.11,3128,3.23,0.3,9.48,1.34,22.98,1.1,2024-12-20,M06804,2,000029,N/A,N/A,N/A,N/A,N/A,N/A
219,2,291.45,2975,3.07,0.48,5.89,2.13,58.14,1.47,2024-12-20,M06804,2,000029,N/A,N/A,N/A,N/A,N/A,N/A
220,2,293.58,2437,2.51,0.28,7.23,1.21,32.03,1.38,2024-12-20,M06804,2,000029,N/A,N/A,N/A,N/A,N/A,N/A
221,2,294.79,2447,2.53,0.28,7.15,2.28,27.88,0.97,2024-12-20,M06804,2,000029,N/A,N/A,N/A,N/A,N/A,N/A
222,2,297.07,1605,1.66,0.29,5.03,2.34,29.5,0.97,2024-12-20,M06804,2,000029,N/A,N/A,N/A,N/A,N/A,N/A
223,2,299.41,2225,2.3,0.24,6.71,N/A,21.22,0.95,2024-12-20,M06804,2,000029,N/A,N/A,N/A,N/A,N/A,N/A
224,3,1.05,1201,1.31,0.26,4.3,N/A,42.07,0.97,2024-12-20,M06804,3,000029,N/A,N/A,N/A,N/A,N/A,N/A
225,3,2.37,1825,1.99,0.24,5.99,3.99,24.03,1.13,2024-12-20,M06804,3,000029,N/A,N/A,N/A,N/A,N/A,N/A
226,3,6.36,2031,2.22,0.26,6.59,2.95,26.38,1.09,2024-12-20,M06804,3,000029,N/A,N/A,N/A,N/A,N/A,N/A
227,3,9.31,1376,1.5,0.3,4.58,2.64,56.15,0.94,2024-12-20,M06804,3,000029,N/A,N/A,N/A,N/A,N/A,N/A
228,3,11.95,1474,1.61,0.26,5.12,2.09,35.06,1.07,2024-12-20,M06804,3,000029,N/A,N/A,N/A,N/A,N/A,N/A
229,3,14.04,1338,1.46,0.25,4.64,4.39,28.82,1.04,2024-12-20,M06804,3,000029,N/A,N/A,N/A,N/A,N/A,N/A
230,3,18.43,1924,2.1,0.25,6.14,3.55,31.29,1.12,2024-12-20,M06804,3,000029,N/A,N/A,N/A,N/A,N/A,N/A
231,3,21.98,1526,1.67,0.29,4.49,3.06,51.87,1.05,2024-12-20,M06804,3,000029,N/A,N/A,N/A,N/A,N/A,N/A
232,3,25.04,1264,1.38,0.26,4.43,1.7,39.69,0.96,2024-12-20,M06804,3,000029,N/A,N/A,N/A,N/A,N/A,N/A
233,3,26.74,2016,2.2,0.26,6.66,2.72,31.3,1.04,2024-12-20,M06804,3,000029,N/A,N/A,N/A,N/A,N/A,N/A
234,3,29.46,1987,2.17,0.29,6.24,3.38,32.46,1.23,2024-12-20,M06804,3,000029,N/A,N/A,N/A,N/A,N/A,N/A
235,3,32.84,1378,1.5,0.26,4.78,2.31,34.15,1.07,2024-12-20,M06804,3,000029,N/A,N/A,N/A,N/A,N/A,N/A
236,3,35.15,1097,1.2,0.24,4.11,2.62,36.31,1.06,2024-12-20,M06804,3,000029,N/A,N/A,N/A,N/A,N/A,N/A
237,3,37.77,2487,2.72,0.27,7.92,5.04,29.67,1.06,2024-12-20,M06804,3,000029,N/A,N/A,N/A,N/A,N/A,N/A
238,3,42.81,1165,1.27,0.26,4.16,1.32,37.15,1.08,2024-12-20,M06804,3,000029,N/A,N/A,N/A,N/A,N/A,N/A
239,3,44.13,1484,1.62,0.28,5.09,3.63,38.97,1.03,2024-12-20,M06804,3,000029,N/A,N/A,N/A,N/A,N/A,N/A
240,3,47.76,1775,1.94,0.26,5.51,3.46,34.42,1.23,2024-12-20,M06804,3,000029,N/A,N/A,N/A,N/A,N/A,N/A
241,3,51.22,1428,1.56,0.29,4.82,1.37,40.46,0.99,2024-12-20,M06804,3,000029,N/A,N/A,N/A,N/A,N/A,N/A
242,3,52.59,1178,1.29,0.28,4.11,2.51,49.31,0.91,2024-12-20,M06804,3,000029,N/A,N/A,N/A,N/A,N/A,N/A
243,3,55.1,2367,2.58,0.3,6.92,1.2,37.08,1.22,2024-12-20,M06804,3,000029,N/A,N/A,N/A,N/A,N/A,N/A
244,3,56.3,1402,1.53,0.24,4.75,3.93,33.12,0.97,2024-12-20,M06804,3,000029,N/A,N/A,N/A,N/A,N/A,N/A
245,3,60.23,1173,1.28,0.27,4.28,2.1,53.54,0.9,2024-12-20,M06804,3,000029,N/A,N/A,N/A,N/A,N/A,N/A
246,3,62.33,1808,1.97,0.24,5.93,1.88,26.15,1.14,2024-12-20,M06804,3,000029,N/A,N/A,N/A,N/A,N/A,N/A
247,3,64.21,1363,1.49,0.28,4.48,1.56,30.41,1.34,2024-12-20,M06804,3,000029,N/A,N/A,N/A,N/A,N/A,N/A
248,3,65.77,1258,1.37,0.26,4.47,1.41,41.49,1.04,2024-12-20,M06804,3,000029,N/A,N/A,N/A,N/A,N/A,N/A
249,3,67.18,1381,1.51,0.26,4.87,1.43,30.22,1.08,2024-12-20,M06804,3,000029,N/A,N/A,N/A,N/A,N/A,N/A
250,3,68.61,2798,3.05,0.29,8.43,1.99,32.1,1.04,2024-12-20,M06804,3,000029,N/A,N/A,N/A,N/A,N/A,N/A
251,3,70.6,1454,1.59,0.25,4.87,3.9,28.3,1.28,2024-12-20,M06804,3,000029,N/A,N/A,N/A,N/A,N/A,N/A
252,3,74.5,1823,1.99,0.26,6.18,2.99,28.92,0.98,2024-12-20,M06804,3,000029,N/A,N/A,N/A,N/A,N/A,N/A
253,3,77.49,2425,2.65,0.24,7.74,1.41,22.34,1.1,2024-12-20,M06804,3,000029,N/A,N/A,N/A,N/A,N/A,N/A
254,3,78.9,1412,1.54,0.24,4.69,1.17,39.41,0.81,2024-12-20,M06804,3,000029,N/A,N/A,N/A,N/A,N/A,N/A
255,3,80.07,1274,1.39,0.3,4.38,3.57,46.1,1.02,2024-12-20,M06804,3,000029,N/A,N/A,N/A,N/A,N/A,N/A
256,3,83.64,1518,1.66,0.25,5.09,2.47,31.6,1.1,2024-12-20,M06804,3,000029,N/A,N/A,N/A,N/A,N/A,N/A
257,3,86.11,1663,1.82,0.26,5.67,1.89,33.53,0.95,2024-12-20,M06804,3,000029,N/A,N/A,N/A,N/A,N/A,N/A
258,3,88.0,1306,1.43,0.26,4.65,1.86,39.12,0.94,2024-12-20,M06804,3,000029,N/A,N/A,N/A,N/A,N/A,N/A
259,3,89.86,1321,1.44,0.27,4.65,3.63,41.81,0.99,2024-12-20,M06804,3,000029,N/A,N/A,N/A,N/A,N/A,N/A
260,3,93.49,1280,1.4,0.24,4.67,2.99,36.37,1.0,2024-12-20,M06804,3,000029,N/A,N/A,N/A,N/A,N/A,N/A
261,3,96.48,2439,2.66,0.26,7.57,3.57,25.11,1.2,2024-12-20,M06804,3,000029,N/A,N/A,N/A,N/A,N/A,N/A
262,3,100.05,1303,1.42,0.23,4.77,3.68,31.99,1.11,2024-12-20,M06804,3,000029,N/A,N/A,N/A,N/A,N/A,N/A
263,3,103.73,1476,1.61,0.29,4.85,5.53,44.48,0.98,2024-12-20,M06804,3,000029,N/A,N/A,N/A,N/A,N/A,N/A
264,3,109.26,2060,2.25,0.26,6.8,2.37,24.94,1.14,2024-12-20,M06804,3,000029,N/A,N/A,N/A,N/A,N/A,N/A
265,3,111.63,1231,1.34,0.27,4.23,2.66,48.46,0.91,2024-12-20,M06804,3,000029,N/A,N/A,N/A,N/A,N/A,N/A
266,3,114.29,1127,1.23,0.23,4.26,1.25,43.62,0.9,2024-12-20,M06804,3,000029,N/A,N/A,N/A,N/A,N/A,N/A
267,3,115.54,1597,1.74,0.25,5.28,5.37,28.69,1.3,2024-12-20,M06804,3,000029,N/A,N/A,N/A,N/A,N/A,N/A
268,3,120.91,2133,2.33,0.26,6.8,3.21,29.72,1.1,2024-12-20,M06804,3,000029,N/A,N/A,N/A,N/A,N/A,N/A
269,3,124.12,1038,1.13,0.23,3.96,1.44,47.73,0.86,2024-12-20,M06804,3,000029,N/A,N/A,N/A,N/A,N/A,N/A
270,3,125.56,1567,1.71,0.25,5.32,4.21,34.26,0.94,2024-12-20,M06804,3,000029,N/A,N/A,N/A,N/A,N/A,N/A
271,3,129.77,1170,1.28,0.26,4.05,3.71,56.74,0.8,2024-12-20,M06804,3,000029,N/A,N/A,N/A,N/A,N/A,N/A
272,3,133.48,1870,2.04,0.26,6.11,2.79,26.63,1.13,2024-12-20,M06804,3,000029,N/A,N/A,N/A,N/A,N/A,N/A
273,3,136.27,1293,1.41,0.26,4.5,1.59,40.63,1.0,2024-12-20,M06804,3,000029,N/A,N/A,N/A,N/A,N/A,N/A
274,3,137.86,1145,1.25,0.25,4.16,2.6,47.57,0.97,2024-12-20,M06804,3,000029,N/A,N/A,N/A,N/A,N/A,N/A
275,3,140.46,1543,1.68,0.25,5.22,2.77,25.53,1.3,2024-12-20,M06804,3,000029,N/A,N/A,N/A,N/A,N/A,N/A
276,3,143.23,2084,2.28,0.25,6.71,2.93,25.7,1.01,2024-12-20,M06804,3,000029,N/A,N/A,N/A,N/A,N/A,N/A
277,3,146.16,1279,1.4,0.31,4.2,2.61,57.61,0.94,2024-12-20,M06804,3,000029,N/A,N/A,N/A,N/A,N/A,N/A
278,3,148.77,1941,2.12,0.25,6.34,2.59,35.11,1.19,2024-12-20,M06804,3,000029,N/A,N/A,N/A,N/A,N/A,N/A
279,3,151.36,2135,2.33,0.27,6.96,3.22,30.9,0.97,2024-12-20,M06804,3,000029,N/A,N/A,N/A,N/A,N/A,N/A
280,3,154.58,1087,1.19,0.25,3.97,1.19,40.53,0.95,2024-12-20,M06804,3,000029,N/A,N/A,N/A,N/A,N/A,N/A
281,3,155.77,1073,1.17,0.24,4.03,1.01,44.08,0.91,2024-12-20,M06804,3,000029,N/A,N/A,N/A,N/A,N/A,N/A
282,3,156.78,2148,2.34,0.28,6.67,4.1,38.04,1.06,2024-12-20,M06804,3,000029,N/A,N/A,N/A,N/A,N/A,N/A
283,3,160.88,1712,1.87,0.28,5.32,3.41,38.72,1.2,2024-12-20,M06804,3,000029,N/A,N/A,N/A,N/A,N/A,N/A
284,3,164.29,1208,1.32,0.24,4.53,1.42,31.8,0.98,2024-12-20,M06804,3,000029,N/A,N/A,N/A,N/A,N/A,N/A
285,3,165.71,1838,2.01,0.32,5.49,1.19,48.51,1.19,2024-12-20,M06804,3,000029,N/A,N/A,N/A,N/A,N/A,N/A
286,3,166.9,1136,1.24,0.23,4.16,1.51,37.25,0.93,2024-12-20,M06804,3,000029,N/A,N/A,N/A,N/A,N/A,N/A
287,3,168.41,1418,1.55,0.25,4.84,1.56,40.51,1.22,2024-12-20,M06804,3,000029,N/A,N/A,N/A,N/A,N/A,N/A
288,3,169.97,1959,2.14,0.24,6.43,2.05,26.49,1.14,2024-12-20,M06804,3,000029,N/A,N/A,N/A,N/A,N/A,N/A
289,3,172.02,1065,1.16,0.26,4.1,2.25,46.9,0.97,2024-12-20,M06804,3,000029,N/A,N/A,N/A,N/A,N/A,N/A
290,3,174.27,1970,2.15,0.24,6.34,6.03,21.19,1.16,2024-12-20,M06804,3,000029,N/A,N/A,N/A,N/A,N/A,N/A
291,3,180.3,1287,1.41,0.25,4.74,1.45,38.6,0.99,2024-12-20,M06804,3,000029,N/A,N/A,N/A,N/A,N/A,N/A
292,3,181.75,1303,1.42,0.25,4.82,2.37,36.75,0.89,2024-12-20,M06804,3,000029,N/A,N/A,N/A,N/A,N/A,N/A
293,3,184.12,1836,2.0,0.26,6.07,3.58,27.74,1.06,2024-12-20,M06804,3,000029,N/A,N/A,N/A,N/A,N/A,N/A
294,3,187.7,1958,2.14,0.27,6.14,3.34,33.3,1.07,2024-12-20,M06804,3,000029,N/A,N/A,N/A,N/A,N/A,N/A
295,3,191.04,1528,1.67,0.24,5.14,1.6,33.62,1.03,2024-12-20,M06804,3,000029,N/A,N/A,N/A,N/A,N/A,N/A
296,3,192.64,1254,1.37,0.24,4.3,2.22,38.89,1.03,2024-12-20,M06804,3,000029,N/A,N/A,N/A,N/A,N/A,N/A
297,3,194.86,1599,1.75,0.25,5.31,1.26,31.72,0.99,2024-12-20,M06804,3,000029,N/A,N/A,N/A,N/A,N/A,N/A
298,3,196.12,1447,1.58,0.24,4.91,1.38,31.09,1.04,2024-12-20,M06804,3,000029,N/A,N/A,N/A,N/A,N/A,N/A
299,3,197.5,1152,1.26,0.26,4.26,1.26,43.95,0.92,2024-12-20,M06804,3,000029,N/A,N/A,N/A,N/A,N/A,N/A
300,3,198.76,1075,1.17,0.23,4.08,1.56,45.0,0.91,2024-12-20,M06804,3,000029,N/A,N/A,N/A,N/A,N/A,N/A
301,3,200.32,2280,2.49,0.31,6.74,4.38,37.44,1.16,2024-12-20,M06804,3,000029,N/A,N/A,N/A,N/A,N/A,N/A
302,3,204.7,1454,1.59,0.27,4.78,2.02,36.95,0.9,2024-12-20,M06804,3,000029,N/A,N/A,N/A,N/A,N/A,N/A
303,3,206.72,1233,1.35,0.25,4.45,3.46,37.19,1.04,2024-12-20,M06804,3,000029,N/A,N/A,N/A,N/A,N/A,N/A
304,3,210.18,1363,1.49,0.24,4.82,1.71,31.77,1.11,2024-12-20,M06804,3,000029,N/A,N/A,N/A,N/A,N/A,N/A
305,3,211.89,2619,2.86,0.27,8.2,2.94,25.9,1.12,2024-12-20,M06804,3,000029,N/A,N/A,N/A,N/A,N/A,N/A
306,3,214.83,1348,1.47,0.25,4.61,3.92,36.22,1.01,2024-12-20,M06804,3,000029,N/A,N/A,N/A,N/A,N/A,N/A
307,3,218.75,1529,1.67,0.24,5.15,2.71,31.31,1.1,2024-12-20,M06804,3,000029,N/A,N/A,N/A,N/A,N/A,N/A
308,3,221.46,1255,1.37,0.23,4.52,2.0,33.54,1.12,2024-12-20,M06804,3,000029,N/A,N/A,N/A,N/A,N/A,N/A
309,3,223.46,1883,2.06,0.32,5.96,3.76,35.49,1.2,2024-12-20,M06804,3,000029,N/A,N/A,N/A,N/A,N/A,N/A
310,3,227.22,1519,1.66,0.27,4.99,1.81,48.05,0.99,2024-12-20,M06804,3,000029,N/A,N/A,N/A,N/A,N/A,N/A
311,3,229.03,1116,1.22,0.27,3.92,4.15,46.82,0.92,2024-12-20,M06804,3,000029,N/A,N/A,N/A,N/A,N/A,N/A
312,3,233.18,1277,1.39,0.24,4.67,1.75,32.39,1.01,2024-12-20,M06804,3,000029,N/A,N/A,N/A,N/A,N/A,N/A
313,3,234.93,2167,2.37,0.26,6.67,1.9,30.07,1.2,2024-12-20,M06804,3,000029,N/A,N/A,N/A,N/A,N/A,N/A
314,3,236.83,1322,1.44,0.3,4.56,2.86,39.96,1.03,2024-12-20,M06804,3,000029,N/A,N/A,N/A,N/A,N/A,N/A
315,3,239.69,1252,1.37,0.26,4.33,1.37,42.66,1.0,2024-12-20,M06804,3,000029,N/A,N/A,N/A,N/A,N/A,N/A
316,3,241.06,1187,1.3,0.24,4.39,2.48,34.97,1.09,2024-12-20,M06804,3,000029,N/A,N/A,N/A,N/A,N/A,N/A
317,3,243.54,1325,1.45,0.24,4.72,3.54,39.18,1.02,2024-12-20,M06804,3,000029,N/A,N/A,N/A,N/A,N/A,N/A
318,3,247.08,1883,2.06,0.25,6.17,4.04,29.39,1.0,2024-12-20,M06804,3,000029,N/A,N/A,N/A,N/A,N/A,N/A
319,3,251.12,1078,1.18,0.29,3.96,1.1,65.72,0.75,2024-12-20,M06804,3,000029,N/A,N/A,N/A,N/A,N/A,N/A
320,3,252.22,2521,2.75,0.27,8.02,3.16,28.78,1.05,2024-12-20,M06804,3,000029,N/A,N/A,N/A,N/A,N/A,N/A
321,3,255.38,1242,1.36,0.23,4.47,3.84,33.52,0.97,2024-12-20,M06804,3,000029,N/A,N/A,N/A,N/A,N/A,N/A
322,3,259.22,1212,1.32,0.26,4.47,1.52,32.69,1.01,2024-12-20,M06804,3,000029,N/A,N/A,N/A,N/A,N/A,N/A
323,3,260.74,1347,1.47,0.25,4.64,2.33,29.69,1.14,2024-12-20,M06804,3,000029,N/A,N/A,N/A,N/A,N/A,N/A
324,3,263.07,1051,1.15,0.23,3.97,1.05,41.28,0.96,2024-12-20,M06804,3,000029,N/A,N/A,N/A,N/A,N/A,N/A
325,3,264.12,1534,1.67,0.25,5.19,3.92,33.18,1.17,2024-12-20,M06804,3,000029,N/A,N/A,N/A,N/A,N/A,N/A
326,3,268.04,1314,1.43,0.28,4.55,1.36,46.56,0.96,2024-12-20,M06804,3,000029,N/A,N/A,N/A,N/A,N/A,N/A
327,3,269.4,1203,1.31,0.21,4.51,2.02,37.61,0.89,2024-12-20,M06804,3,000029,N/A,N/A,N/A,N/A,N/A,N/A
328,3,271.42,1740,1.9,0.25,5.59,2.09,36.51,0.92,2024-12-20,M06804,3,000029,N/A,N/A,N/A,N/A,N/A,N/A
329,3,273.51,1778,1.94,0.25,5.86,2.35,29.28,1.11,2024-12-20,M06804,3,000029,N/A,N/A,N/A,N/A,N/A,N/A
330,3,275.86,1542,1.68,0.37,4.61,3.06,54.48,0.9,2024-12-20,M06804,3,000029,N/A,N/A,N/A,N/A,N/A,N/A
331,3,278.92,1149,1.25,0.24,4.14,2.57,40.94,0.95,2024-12-20,M06804,3,000029,N/A,N/A,N/A,N/A,N/A,N/A
332,3,281.49,1416,1.55,0.25,4.92,1.59,36.86,1.03,2024-12-20,M06804,3,000029,N/A,N/A,N/A,N/A,N/A,N/A
333,3,283.08,2148,2.34,0.25,6.82,1.5,28.67,1.19,2024-12-20,M06804,3,000029,N/A,N/A,N/A,N/A,N/A,N/A
334,3,284.58,2151,2.35,0.25,6.85,1.08,33.75,1.05,2024-12-20,M06804,3,000029,N/A,N/A,N/A,N/A,N/A,N/A
335,3,285.66,1102,1.2,0.22,4.03,1.59,36.23,0.93,2024-12-20,M06804,3,000029,N/A,N/A,N/A,N/A,N/A,N/A
336,3,287.25,1177,1.28,0.26,4.28,1.52,49.41,0.9,2024-12-20,M06804,3,000029,N/A,N/A,N/A,N/A,N/A,N/A
337,3,288.77,1048,1.14,0.23,4.14,3.01,40.46,0.89,2024-12-20,M06804,3,000029,N/A,N/A,N/A,N/A,N/A,N/A
338,3,291.78,2361,2.58,0.3,7.39,3.38,36.12,1.18,2024-12-20,M06804,3,000029,N/A,N/A,N/A,N/A,N/A,N/A
339,3,295.16,1414,1.54,0.27,4.96,2.24,37.27,1.0,2024-12-20,M06804,3,000029,N/A,N/A,N/A,N/A,N/A,N/A
340,3,297.4,1332,1.45,0.26,4.68,1.94,46.62,1.13,2024-12-20,M06804,3,000029,N/A,N/A,N/A,N/A,N/A,N/A
341,3,299.34,1660,1.81,0.26,5.65,N/A,29.89,1.03,2024-12-20,M06804,3,000029,N/A,N/A,N/A,N/A,N/A,N/A
342,4,1.81,2060,2.06,0.24,5.87,N/A,12.73,1.07,2024-12-20,M06804,4,000029,N/A,N/A,N/A,N/A,N/A,N/A
343,4,4.34,2560,2.57,0.24,7.27,3.37,11.88,1.12,2024-12-20,M06804,4,000029,N/A,N/A,N/A,N/A,N/A,N/A
344,4,7.71,940,0.94,0.27,2.82,2.89,16.01,1.19,2024-12-20,M06804,4,000029,N/A,N/A,N/A,N/A,N/A,N/A
345,4,10.6,2066,2.07,0.24,5.88,2.0,13.93,0.97,2024-12-20,M06804,4,000029,N/A,N/A,N/A,N/A,N/A,N/A
346,4,12.6,1658,1.66,0.25,4.71,1.4,15.64,1.18,2024-12-20,M06804,4,000029,N/A,N/A,N/A,N/A,N/A,N/A
347,4,14.0,1670,1.67,0.24,4.72,2.85,17.61,1.22,2024-12-20,M06804,4,000029,N/A,N/A,N/A,N/A,N/A,N/A
348,4,16.85,2635,2.64,0.24,7.35,3.37,19.3,1.03,2024-12-20,M06804,4,000029,N/A,N/A,N/A,N/A,N/A,N/A
349,4,20.22,1591,1.59,0.25,4.39,2.05,21.62,1.4,2024-12-20,M06804,4,000029,N/A,N/A,N/A,N/A,N/A,N/A
350,4,22.27,3120,3.13,0.27,8.23,3.98,23.12,1.4,2024-12-20,M06804,4,000029,N/A,N/A,N/A,N/A,N/A,N/A
351,4,26.25,1965,1.97,0.3,5.73,3.21,14.23,1.24,2024-12-20,M06804,4,000029,N/A,N/A,N/A,N/A,N/A,N/A
352,4,29.46,1749,1.75,0.28,4.49,2.57,42.37,1.19,2024-12-20,M06804,4,000029,N/A,N/A,N/A,N/A,N/A,N/A
353,4,32.03,1354,1.36,0.24,3.89,2.74,10.89,1.14,2024-12-20,M06804,4,000029,N/A,N/A,N/A,N/A,N/A,N/A
354,4,34.77,3019,3.03,0.25,8.3,1.47,21.27,1.16,2024-12-20,M06804,4,000029,N/A,N/A,N/A,N/A,N/A,N/A
355,4,36.24,1887,1.89,0.24,5.39,3.12,12.27,1.21,2024-12-20,M06804,4,000029,N/A,N/A,N/A,N/A,N/A,N/A
356,4,39.36,2436,2.44,0.25,6.76,2.51,20.42,1.26,2024-12-20,M06804,4,000029,N/A,N/A,N/A,N/A,N/A,N/A
357,4,41.87,906,0.91,0.28,2.53,1.82,35.44,1.21,2024-12-20,M06804,4,000029,N/A,N/A,N/A,N/A,N/A,N/A
358,4,43.69,2539,2.54,0.25,7.14,4.31,15.41,1.34,2024-12-20,M06804,4,000029,N/A,N/A,N/A,N/A,N/A,N/A
359,4,48.0,2203,2.21,0.25,6.22,3.96,20.19,1.14,2024-12-20,M06804,4,000029,N/A,N/A,N/A,N/A,N/A,N/A
360,4,51.96,2299,2.3,0.26,6.36,1.62,22.96,1.38,2024-12-20,M06804,4,000029,N/A,N/A,N/A,N/A,N/A,N/A
361,4,53.58,1186,1.19,0.27,3.21,4.43,37.32,1.3,2024-12-20,M06804,4,000029,N/A,N/A,N/A,N/A,N/A,N/A
362,4,58.01,2300,2.3,0.28,5.79,3.93,33.26,1.39,2024-12-20,M06804,4,000029,N/A,N/A,N/A,N/A,N/A,N/A
363,4,61.94,3881,3.89,0.24,10.97,3.93,12.26,0.99,2024-12-20,M06804,4,000029,N/A,N/A,N/A,N/A,N/A,N/A
364,4,65.87,2163,2.17,0.26,5.91,3.49,27.78,1.17,2024-12-20,M06804,4,000029,N/A,N/A,N/A,N/A,N/A,N/A
365,4,69.36,3454,3.46,0.28,10.37,5.53,21.66,1.29,2024-12-20,M06804,4,000029,N/A,N/A,N/A,N/A,N/A,N/A
366,4,74.89,1672,1.68,0.24,4.76,2.44,14.41,1.14,2024-12-20,M06804,4,000029,N/A,N/A,N/A,N/A,N/A,N/A
367,4,77.33,2535,2.54,0.33,6.38,3.22,41.26,1.61,2024-12-20,M06804,4,000029,N/A,N/A,N/A,N/A,N/A,N/A
368,4,80.55,2449,2.45,0.3,6.21,3.06,30.28,1.26,2024-12-20,M06804,4,000029,N/A,N/A,N/A,N/A,N/A,N/A
369,4,83.61,1501,1.5,0.24,4.34,2.77,9.32,1.04,2024-12-20,M06804,4,000029,N/A,N/A,N/A,N/A,N/A,N/A
370,4,86.38,867,0.87,0.24,2.52,1.12,17.12,1.13,2024-12-20,M06804,4,000029,N/A,N/A,N/A,N/A,N/A,N/A
371,4,87.5,1781,1.78,0.25,5.17,1.63,11.76,1.17,2024-12-20,M06804,4,000029,N/A,N/A,N/A,N/A,N/A,N/A
372,4,89.13,2578,2.58,0.25,6.99,3.04,21.79,1.17,2024-12-20,M06804,4,000029,N/A,N/A,N/A,N/A,N/A,N/A
373,4,92.17,907,0.91,0.26,2.63,1.3,32.85,0.98,2024-12-20,M06804,4,000029,N/A,N/A,N/A,N/A,N/A,N/A
374,4,93.47,2396,2.4,0.24,6.74,1.69,15.54,1.16,2024-12-20,M06804,4,000029,N/A,N/A,N/A,N/A,N/A,N/A
375,4,95.16,3052,3.06,0.25,8.53,4.26,16.37,1.05,2024-12-20,M06804,4,000029,N/A,N/A,N/A,N/A,N/A,N/A
376,4,99.42,1524,1.53,0.25,4.41,2.42,13.72,1.41,2024-12-20,M06804,4,000029,N/A,N/A,N/A,N/A,N/A,N/A
377,4,101.84,1615,1.62,0.24,4.57,1.64,14.87,1.23,2024-12-20,M06804,4,000029,N/A,N/A,N/A,N/A,N/A,N/A
378,4,103.48,1172,1.17,0.26,3.38,1.85,14.32,1.28,2024-12-20,M06804,4,000029,N/A,N/A,N/A,N/A,N/A,N/A
379,4,105.33,1522,1.53,0.27,3.86,3.43,28.24,1.24,2024-12-20,M06804,4,000029,N/A,N/A,N/A,N/A,N/A,N/A
380,4,108.76,3809,3.82,0.31,10.8,3.05,21.56,1.24,2024-12-20,M06804,4,000029,N/A,N/A,N/A,N/A,N/A,N/A
381,4,111.81,2139,2.14,0.26,6.04,2.96,18.61,1.0,2024-12-20,M06804,4,000029,N/A,N/A,N/A,N/A,N/A,N/A
382,4,114.77,1293,1.3,0.26,3.46,2.19,27.09,1.38,2024-12-20,M06804,4,000029,N/A,N/A,N/A,N/A,N/A,N/A
383,4,116.96,1819,1.82,0.25,5.21,2.02,14.65,1.21,2024-12-20,M06804,4,000029,N/A,N/A,N/A,N/A,N/A,N/A
384,4,118.98,2175,2.18,0.24,6.2,2.93,10.38,1.17,2024-12-20,M06804,4,000029,N/A,N/A,N/A,N/A,N/A,N/A
385,4,121.91,2612,2.62,0.3,7.75,1.98,23.42,1.33,2024-12-20,M06804,4,000029,N/A,N/A,N/A,N/A,N/A,N/A
386,4,123.89,1453,1.46,0.34,3.36,3.63,40.03,1.65,2024-12-20,M06804,4,000029,N/A,N/A,N/A,N/A,N/A,N/A
387,4,127.52,2378,2.38,0.26,6.65,3.35,21.63,1.09,2024-12-20,M06804,4,000029,N/A,N/A,N/A,N/A,N/A,N/A
388,4,130.87,2225,2.23,0.25,6.3,2.54,13.99,0.95,2024-12-20,M06804,4,000029,N/A,N/A,N/A,N/A,N/A,N/A
389,4,133.41,1761,1.76,0.25,4.93,2.45,19.98,1.04,2024-12-20,M06804,4,000029,N/A,N/A,N/A,N/A,N/A,N/A
390,4,135.86,2144,2.15,0.25,5.92,3.55,21.86,1.27,2024-12-20,M06804,4,000029,N/A,N/A,N/A,N/A,N/A,N/A
391,4,139.41,2013,2.02,0.25,5.71,2.14,17.65,1.03,2024-12-20,M06804,4,000029,N/A,N/A,N/A,N/A,N/A,N/A
392,4,141.55,3184,3.19,0.26,9.11,3.51,18.91,1.15,2024-12-20,M06804,4,000029,N/A,N/A,N/A,N/A,N/A,N/A
393,4,145.06,1085,1.09,0.24,3.08,2.2,18.83,1.03,2024-12-20,M06804,4,000029,N/A,N/A,N/A,N/A,N/A,N/A
394,4,147.26,2181,2.19,0.25,6.2,3.1,15.1,1.04,2024-12-20,M06804,4,000029,N/A,N/A,N/A,N/A,N/A,N/A
395,4,150.36,2997,3.0,0.24,8.55,3.63,8.51,1.04,2024-12-20,M06804,4,000029,N/A,N/A,N/A,N/A,N/A,N/A
396,4,153.99,816,0.82,0.27,2.34,1.76,25.43,1.25,2024-12-20,M06804,4,000029,N/A,N/A,N/A,N/A,N/A,N/A
397,4,155.75,3118,3.12,0.26,8.84,3.15,22.87,1.22,2024-12-20,M06804,4,000029,N/A,N/A,N/A,N/A,N/A,N/A
398,4,158.9,1797,1.8,0.25,5.15,3.61,12.69,0.94,2024-12-20,M06804,4,000029,N/A,N/A,N/A,N/A,N/A,N/A
399,4,162.51,887,0.89,0.26,2.58,1.93,23.41,1.06,2024-12-20,M06804,4,000029,N/A,N/A,N/A,N/A,N/A,N/A
400,4,164.44,1766,1.77,0.26,4.76,2.69,25.08,1.32,2024-12-20,M06804,4,000029,N/A,N/A,N/A,N/A,N/A,N/A
401,4,167.13,1115,1.12,0.24,3.23,1.4,12.77,1.1,2024-12-20,M06804,4,000029,N/A,N/A,N/A,N/A,N/A,N/A
402,4,168.53,2375,2.38,0.28,6.81,3.99,24.76,1.13,2024-12-20,M06804,4,000029,N/A,N/A,N/A,N/A,N/A,N/A
403,4,172.52,2180,2.18,0.25,6.27,2.67,13.02,1.16,2024-12-20,M06804,4,000029,N/A,N/A,N/A,N/A,N/A,N/A
404,4,175.19,2889,2.89,0.24,8.14,3.31,13.5,1.14,2024-12-20,M06804,4,000029,N/A,N/A,N/A,N/A,N/A,N/A
405,4,178.5,2413,2.42,0.25,7.33,3.66,13.75,1.28,2024-12-20,M06804,4,000029,N/A,N/A,N/A,N/A,N/A,N/A
406,4,182.16,835,0.84,0.25,2.45,1.51,14.81,1.24,2024-12-20,M06804,4,000029,N/A,N/A,N/A,N/A,N/A,N/A
407,4,183.67,2426,2.43,0.27,6.71,2.27,24.3,1.13,2024-12-20,M06804,4,000029,N/A,N/A,N/A,N/A,N/A,N/A
408,4,185.94,2497,2.5,0.25,7.23,3.38,17.43,1.5,2024-12-20,M06804,4,000029,N/A,N/A,N/A,N/A,N/A,N/A
409,4,189.32,2005,2.01,0.25,5.65,1.56,23.34,1.09,2024-12-20,M06804,4,000029,N/A,N/A,N/A,N/A,N/A,N/A
410,4,190.88,3186,3.19,0.24,8.99,4.86,13.32,1.38,2024-12-20,M06804,4,000029,N/A,N/A,N/A,N/A,N/A,N/A
411,4,195.74,1955,1.96,0.25,5.47,4.01,16.26,1.22,2024-12-20,M06804,4,000029,N/A,N/A,N/A,N/A,N/A,N/A
412,4,199.75,1671,1.67,0.27,4.87,3.1,24.74,1.1,2024-12-20,M06804,4,000029,N/A,N/A,N/A,N/A,N/A,N/A
413,4,202.85,2161,2.17,0.25,6.09,2.67,17.13,0.98,2024-12-20,M06804,4,000029,N/A,N/A,N/A,N/A,N/A,N/A
414,4,205.52,1769,1.77,0.25,5.07,4.19,14.12,1.12,2024-12-20,M06804,4,000029,N/A,N/A,N/A,N/A,N/A,N/A
415,4,209.71,1487,1.49,0.24,4.26,1.24,14.29,1.05,2024-12-20,M06804,4,000029,N/A,N/A,N/A,N/A,N/A,N/A
416,4,210.95,2921,2.93,0.3,7.15,2.73,38.75,1.46,2024-12-20,M06804,4,000029,N/A,N/A,N/A,N/A,N/A,N/A
417,4,213.68,2070,2.07,0.27,5.72,3.63,30.8,1.27,2024-12-20,M06804,4,000029,N/A,N/A,N/A,N/A,N/A,N/A
418,4,217.31,3277,3.28,0.26,9.22,2.5,21.68,1.16,2024-12-20,M06804,4,000029,N/A,N/A,N/A,N/A,N/A,N/A
419,4,219.81,2154,2.16,0.26,6.2,2.14,20.7,1.26,2024-12-20,M06804,4,000029,N/A,N/A,N/A,N/A,N/A,N/A
420,4,221.95,1962,1.97,0.24,5.55,2.35,14.1,1.0,2024-12-20,M06804,4,000029,N/A,N/A,N/A,N/A,N/A,N/A
421,4,224.3,2429,2.43,0.25,6.84,2.62,15.49,1.11,2024-12-20,M06804,4,000029,N/A,N/A,N/A,N/A,N/A,N/A
422,4,226.92,2030,2.03,0.24,5.67,3.69,15.0,1.05,2024-12-20,M06804,4,000029,N/A,N/A,N/A,N/A,N/A,N/A
423,4,230.61,1991,1.99,0.24,5.65,3.05,14.37,0.95,2024-12-20,M06804,4,000029,N/A,N/A,N/A,N/A,N/A,N/A
424,4,233.66,1257,1.26,0.24,3.52,1.82,21.67,1.06,2024-12-20,M06804,4,000029,N/A,N/A,N/A,N/A,N/A,N/A
425,4,235.48,2835,2.84,0.25,8.03,4.18,14.68,1.1,2024-12-20,M06804,4,000029,N/A,N/A,N/A,N/A,N/A,N/A
426,4,239.66,1852,1.86,0.26,4.98,3.01,32.05,1.18,2024-12-20,M06804,4,000029,N/A,N/A,N/A,N/A,N/A,N/A
427,4,242.67,2252,2.26,0.26,6.1,2.81,24.64,1.21,2024-12-20,M06804,4,000029,N/A,N/A,N/A,N/A,N/A,N/A
428,4,245.48,959,0.96,0.27,2.63,2.01,27.21,1.13,2024-12-20,M06804,4,000029,N/A,N/A,N/A,N/A,N/A,N/A
429,4,247.49,2192,2.2,0.25,6.23,2.19,16.66,1.0,2024-12-20,M06804,4,000029,N/A,N/A,N/A,N/A,N/A,N/A
430,4,249.68,1406,1.41,0.24,4.01,3.19,17.17,1.31,2024-12-20,M06804,4,000029,N/A,N/A,N/A,N/A,N/A,N/A
431,4,252.87,2625,2.63,0.26,7.25,2.28,25.76,1.28,2024-12-20,M06804,4,000029,N/A,N/A,N/A,N/A,N/A,N/A
432,4,255.15,1927,1.93,0.24,5.45,4.26,11.85,1.14,2024-12-20,M06804,4,000029,N/A,N/A,N/A,N/A,N/A,N/A
433,4,259.41,3125,3.13,0.26,8.51,5.26,22.61,1.2,2024-12-20,M06804,4,000029,N/A,N/A,N/A,N/A,N/A,N/A
434,4,264.67,1101,1.1,0.28,3.58,2.4,13.52,1.32,2024-12-20,M06804,4,000029,N/A,N/A,N/A,N/A,N/A,N/A
435,4,267.07,2926,2.93,0.25,8.12,4.74,20.11,1.19,2024-12-20,M06804,4,000029,N/A,N/A,N/A,N/A,N/A,N/A
436,4,271.81,2617,2.62,0.24,7.51,2.24,13.63,1.09,2024-12-20,M06804,4,000029,N/A,N/A,N/A,N/A,N/A,N/A
437,4,274.05,2271,2.28,0.24,6.32,4.73,18.84,1.41,2024-12-20,M06804,4,000029,N/A,N/A,N/A,N/A,N/A,N/A
438,4,278.78,2154,2.16,0.27,5.73,3.13,36.07,1.38,2024-12-20,M06804,4,000029,N/A,N/A,N/A,N/A,N/A,N/A
439,4,281.91,1158,1.16,0.27,3.3,2.25,25.38,1.01,2024-12-20,M06804,4,000029,N/A,N/A,N/A,N/A,N/A,N/A
440,4,284.16,3195,3.2,0.26,8.86,3.4,23.69,1.28,2024-12-20,M06804,4,000029,N/A,N/A,N/A,N/A,N/A,N/A
441,4,287.56,1370,1.37,0.26,3.87,2.12,20.58,1.21,2024-12-20,M06804,4,000029,N/A,N/A,N/A,N/A,N/A,N/A
442,4,289.68,1639,1.64,0.26,4.32,2.36,33.82,1.15,2024-12-20,M06804,4,000029,N/A,N/A,N/A,N/A,N/A,N/A
443,4,292.04,2374,2.38,0.25,6.71,5.45,15.09,1.19,2024-12-20,M06804,4,000029,N/A,N/A,N/A,N/A,N/A,N/A
444,4,297.49,1900,1.9,0.27,5.07,N/A,26.1,1.42,2024-12-20,M06804,4,000029,N/A,N/A,N/A,N/A,N/A,N/A
445,5,0.95,4206,4.27,0.3,11.55,N/A,29.96,1.13,2024-12-20,M06804,5,000029,N/A,N/A,N/A,N/A,N/A,N/A
446,5,5.63,2197,2.23,0.28,5.91,2.2,40.5,1.06,2024-12-20,M06804,5,000029,N/A,N/A,N/A,N/A,N/A,N/A
447,5,7.83,1303,1.32,0.26,3.65,4.66,31.3,1.02,2024-12-20,M06804,5,000029,N/A,N/A,N/A,N/A,N/A,N/A
448,5,12.49,1750,1.78,0.26,4.78,4.27,36.49,1.03,2024-12-20,M06804,5,000029,N/A,N/A,N/A,N/A,N/A,N/A
449,5,16.76,2156,2.19,0.26,6.06,3.3,29.47,1.03,2024-12-20,M06804,5,000029,N/A,N/A,N/A,N/A,N/A,N/A
450,5,20.06,4241,4.31,0.47,9.54,7.35,54.33,1.11,2024-12-20,M06804,5,000029,N/A,N/A,N/A,N/A,N/A,N/A
451,5,27.41,993,1.01,0.26,2.78,2.08,42.61,0.86,2024-12-20,M06804,5,000029,N/A,N/A,N/A,N/A,N/A,N/A
452,5,29.49,1052,1.07,0.25,3.02,2.3,27.49,0.98,2024-12-20,M06804,5,000029,N/A,N/A,N/A,N/A,N/A,N/A
453,5,31.79,1678,1.71,0.29,4.28,2.83,51.32,1.06,2024-12-20,M06804,5,000029,N/A,N/A,N/A,N/A,N/A,N/A
454,5,34.62,7095,7.21,1.12,7.13,4.57,86.04,1.65,2024-12-20,M06804,5,000029,N/A,N/A,N/A,N/A,N/A,N/A
455,5,39.19,1147,1.17,0.27,3.53,4.73,31.21,0.96,2024-12-20,M06804,5,000029,N/A,N/A,N/A,N/A,N/A,N/A
456,5,43.92,1786,1.82,0.25,4.96,2.2,32.86,1.18,2024-12-20,M06804,5,000029,N/A,N/A,N/A,N/A,N/A,N/A
457,5,46.12,1601,1.63,0.27,4.27,7.06,31.23,1.01,2024-12-20,M06804,5,000029,N/A,N/A,N/A,N/A,N/A,N/A
458,5,53.18,1058,1.08,0.25,3.1,2.37,25.98,1.03,2024-12-20,M06804,5,000029,N/A,N/A,N/A,N/A,N/A,N/A
459,5,55.55,3287,3.34,0.32,10.0,4.81,29.93,1.33,2024-12-20,M06804,5,000029,N/A,N/A,N/A,N/A,N/A,N/A
460,5,60.36,987,1.0,0.25,2.88,3.03,24.75,0.9,2024-12-20,M06804,5,000029,N/A,N/A,N/A,N/A,N/A,N/A
461,5,63.39,1400,1.42,0.28,4.06,6.79,33.26,0.98,2024-12-20,M06804,5,000029,N/A,N/A,N/A,N/A,N/A,N/A
462,5,70.18,2957,3.01,0.29,7.78,3.29,39.63,1.1,2024-12-20,M06804,5,000029,N/A,N/A,N/A,N/A,N/A,N/A
463,5,73.47,1634,1.66,0.25,4.56,3.46,30.9,0.91,2024-12-20,M06804,5,000029,N/A,N/A,N/A,N/A,N/A,N/A
464,5,76.93,3135,3.19,0.41,7.95,7.54,39.85,1.02,2024-12-20,M06804,5,000029,N/A,N/A,N/A,N/A,N/A,N/A
465,5,84.47,1826,1.86,0.26,5.21,2.86,32.5,1.01,2024-12-20,M06804,5,000029,N/A,N/A,N/A,N/A,N/A,N/A
466,5,87.33,3018,3.07,0.33,8.37,2.07,32.22,1.21,2024-12-20,M06804,5,000029,N/A,N/A,N/A,N/A,N/A,N/A
467,5,89.4,1826,1.86,0.32,5.15,2.66,38.59,1.02,2024-12-20,M06804,5,000029,N/A,N/A,N/A,N/A,N/A,N/A
468,5,92.06,1433,1.46,0.33,3.71,1.8,56.44,1.04,2024-12-20,M06804,5,000029,N/A,N/A,N/A,N/A,N/A,N/A
469,5,93.86,1160,1.18,0.24,3.33,4.48,23.34,0.89,2024-12-20,M06804,5,000029,N/A,N/A,N/A,N/A,N/A,N/A
470,5,98.34,1542,1.57,0.25,4.35,4.37,29.31,0.93,2024-12-20,M06804,5,000029,N/A,N/A,N/A,N/A,N/A,N/A
471,5,102.71,1742,1.77,0.33,3.87,2.47,61.06,1.18,2024-12-20,M06804,5,000029,N/A,N/A,N/A,N/A,N/A,N/A
472,5,105.18,1011,1.03,0.25,2.96,4.16,20.14,1.25,2024-12-20,M06804,5,000029,N/A,N/A,N/A,N/A,N/A,N/A
473,5,109.34,2312,2.35,0.27,6.32,1.92,33.3,1.11,2024-12-20,M06804,5,000029,N/A,N/A,N/A,N/A,N/A,N/A
474,5,111.26,1853,1.88,0.29,5.33,4.95,34.27,0.92,2024-12-20,M06804,5,000029,N/A,N/A,N/A,N/A,N/A,N/A
475,5,116.21,3050,3.1,0.5,5.91,3.68,59.24,1.37,2024-12-20,M06804,5,000029,N/A,N/A,N/A,N/A,N/A,N/A
476,5,119.89,2073,2.11,0.27,5.54,6.2,38.98,0.9,2024-12-20,M06804,5,000029,N/A,N/A,N/A,N/A,N/A,N/A
477,5,126.09,2190,2.23,0.25,6.32,3.2,22.43,1.03,2024-12-20,M06804,5,000029,N/A,N/A,N/A,N/A,N/A,N/A
478,5,129.29,944,0.96,0.24,2.76,1.92,22.4,0.91,2024-12-20,M06804,5,000029,N/A,N/A,N/A,N/A,N/A,N/A
479,5,131.21,3148,3.2,0.3,8.9,5.61,31.02,1.14,2024-12-20,M06804,5,000029,N/A,N/A,N/A,N/A,N/A,N/A
480,5,136.82,2441,2.48,0.25,6.75,3.42,29.81,0.93,2024-12-20,M06804,5,000029,N/A,N/A,N/A,N/A,N/A,N/A
481,5,140.24,5901,6.0,0.45,13.02,2.16,34.41,1.36,2024-12-20,M06804,5,000029,N/A,N/A,N/A,N/A,N/A,N/A
482,5,142.4,3198,3.25,0.39,7.96,6.16,42.84,0.99,2024-12-20,M06804,5,000029,N/A,N/A,N/A,N/A,N/A,N/A
483,5,148.56,1508,1.53,0.26,4.15,3.02,34.15,0.97,2024-12-20,M06804,5,000029,N/A,N/A,N/A,N/A,N/A,N/A
484,5,151.58,2355,2.39,0.39,6.22,3.21,42.95,1.18,2024-12-20,M06804,5,000029,N/A,N/A,N/A,N/A,N/A,N/A
485,5,154.79,895,0.91,0.24,2.59,1.9,21.01,1.0,2024-12-20,M06804,5,000029,N/A,N/A,N/A,N/A,N/A,N/A
486,5,156.69,1442,1.47,0.25,4.09,2.78,30.78,0.91,2024-12-20,M06804,5,000029,N/A,N/A,N/A,N/A,N/A,N/A
487,5,159.47,1708,1.74,0.26,4.65,3.07,37.35,1.05,2024-12-20,M06804,5,000029,N/A,N/A,N/A,N/A,N/A,N/A
488,5,162.54,1727,1.76,0.28,4.83,3.65,39.37,1.13,2024-12-20,M06804,5,000029,N/A,N/A,N/A,N/A,N/A,N/A
489,5,166.19,2224,2.26,0.27,5.94,3.94,41.29,0.96,2024-12-20,M06804,5,000029,N/A,N/A,N/A,N/A,N/A,N/A
490,5,170.13,3208,3.26,0.29,8.8,5.24,31.51,1.22,2024-12-20,M06804,5,000029,N/A,N/A,N/A,N/A,N/A,N/A
491,5,175.37,1066,1.08,0.25,3.04,1.7,26.49,1.21,2024-12-20,M06804,5,000029,N/A,N/A,N/A,N/A,N/A,N/A
492,5,177.07,4365,4.44,0.29,12.72,3.81,25.62,1.1,2024-12-20,M06804,5,000029,N/A,N/A,N/A,N/A,N/A,N/A
493,5,180.88,1112,1.13,0.25,3.19,1.43,26.59,1.02,2024-12-20,M06804,5,000029,N/A,N/A,N/A,N/A,N/A,N/A
494,5,182.31,1448,1.47,0.25,4.28,3.4,29.07,0.87,2024-12-20,M06804,5,000029,N/A,N/A,N/A,N/A,N/A,N/A
495,5,185.71,1637,1.66,0.26,4.62,1.76,42.33,0.91,2024-12-20,M06804,5,000029,N/A,N/A,N/A,N/A,N/A,N/A
496,5,187.47,2230,2.27,0.27,6.46,5.54,28.48,1.14,2024-12-20,M06804,5,000029,N/A,N/A,N/A,N/A,N/A,N/A
497,5,193.01,7013,7.13,0.76,9.77,5.55,64.03,1.44,2024-12-20,M06804,5,000029,N/A,N/A,N/A,N/A,N/A,N/A
498,5,198.56,1333,1.35,0.25,3.77,3.4,25.75,0.88,2024-12-20,M06804,5,000029,N/A,N/A,N/A,N/A,N/A,N/A
499,5,201.96,1932,1.96,0.38,5.71,1.8,30.65,1.13,2024-12-20,M06804,5,000029,N/A,N/A,N/A,N/A,N/A,N/A
500,5,203.76,2373,2.41,0.28,6.55,4.76,38.82,0.97,2024-12-20,M06804,5,000029,N/A,N/A,N/A,N/A,N/A,N/A
501,5,208.52,843,0.86,0.25,2.44,1.96,29.26,0.95,2024-12-20,M06804,5,000029,N/A,N/A,N/A,N/A,N/A,N/A
502,5,210.48,1390,1.41,0.26,3.85,4.31,36.26,1.1,2024-12-20,M06804,5,000029,N/A,N/A,N/A,N/A,N/A,N/A
503,5,214.79,1357,1.38,0.26,3.81,3.22,37.32,1.04,2024-12-20,M06804,5,000029,N/A,N/A,N/A,N/A,N/A,N/A
504,5,218.01,2279,2.32,0.26,6.24,3.86,27.88,1.17,2024-12-20,M06804,5,000029,N/A,N/A,N/A,N/A,N/A,N/A
505,5,221.87,3000,3.05,0.32,8.59,4.64,34.26,1.25,2024-12-20,M06804,5,000029,N/A,N/A,N/A,N/A,N/A,N/A
506,5,226.51,1029,1.05,0.25,2.99,2.69,27.48,1.08,2024-12-20,M06804,5,000029,N/A,N/A,N/A,N/A,N/A,N/A
507,5,229.2,1193,1.21,0.25,3.36,3.0,28.35,1.07,2024-12-20,M06804,5,000029,N/A,N/A,N/A,N/A,N/A,N/A
508,5,232.2,1192,1.21,0.25,3.5,4.53,20.85,0.99,2024-12-20,M06804,5,000029,N/A,N/A,N/A,N/A,N/A,N/A
509,5,236.73,1770,1.8,0.27,4.78,5.05,33.42,1.11,2024-12-20,M06804,5,000029,N/A,N/A,N/A,N/A,N/A,N/A
510,5,241.78,3696,3.76,0.38,9.85,2.81,33.24,1.29,2024-12-20,M06804,5,000029,N/A,N/A,N/A,N/A,N/A,N/A
511,5,244.59,1284,1.3,0.27,3.75,4.14,34.81,1.2,2024-12-20,M06804,5,000029,N/A,N/A,N/A,N/A,N/A,N/A
512,5,248.73,1750,1.78,0.3,4.92,2.12,40.69,1.15,2024-12-20,M06804,5,000029,N/A,N/A,N/A,N/A,N/A,N/A
513,5,250.85,1088,1.11,0.25,3.19,2.41,26.06,0.85,2024-12-20,M06804,5,000029,N/A,N/A,N/A,N/A,N/A,N/A
514,5,253.26,917,0.93,0.25,2.51,1.95,38.95,1.02,2024-12-20,M06804,5,000029,N/A,N/A,N/A,N/A,N/A,N/A
515,5,255.21,2332,2.37,0.25,6.63,2.38,21.33,0.86,2024-12-20,M06804,5,000029,N/A,N/A,N/A,N/A,N/A,N/A
516,5,257.59,4929,5.01,0.52,9.77,3.11,51.87,1.51,2024-12-20,M06804,5,000029,N/A,N/A,N/A,N/A,N/A,N/A
517,5,260.7,1730,1.76,0.25,4.93,3.9,26.44,0.96,2024-12-20,M06804,5,000029,N/A,N/A,N/A,N/A,N/A,N/A
518,5,264.6,1965,2.0,0.27,5.77,3.49,32.14,0.93,2024-12-20,M06804,5,000029,N/A,N/A,N/A,N/A,N/A,N/A
519,5,268.09,1489,1.51,0.25,4.14,2.73,35.4,0.85,2024-12-20,M06804,5,000029,N/A,N/A,N/A,N/A,N/A,N/A
520,5,270.82,1263,1.28,0.25,3.54,5.13,26.39,0.94,2024-12-20,M06804,5,000029,N/A,N/A,N/A,N/A,N/A,N/A
521,5,275.95,1678,1.71,0.25,4.8,4.0,30.11,0.94,2024-12-20,M06804,5,000029,N/A,N/A,N/A,N/A,N/A,N/A
522,5,279.95,1022,1.04,0.25,2.96,1.9,29.66,0.82,2024-12-20,M06804,5,000029,N/A,N/A,N/A,N/A,N/A,N/A
523,5,281.85,3293,3.35,0.32,8.84,4.58,36.61,1.12,2024-12-20,M06804,5,000029,N/A,N/A,N/A,N/A,N/A,N/A
524,5,286.43,2020,2.05,0.4,5.89,3.57,42.77,1.04,2024-12-20,M06804,5,000029,N/A,N/A,N/A,N/A,N/A,N/A
525,5,290.0,2189,2.22,0.28,5.73,2.63,47.72,1.11,2024-12-20,M06804,5,000029,N/A,N/A,N/A,N/A,N/A,N/A
526,5,292.63,903,0.92,0.25,2.59,2.78,26.29,0.87,2024-12-20,M06804,5,000029,N/A,N/A,N/A,N/A,N/A,N/A
527,5,295.41,2024,2.06,0.29,5.49,3.57,37.86,0.93,2024-12-20,M06804,5,000029,N/A,N/A,N/A,N/A,N/A,N/A
528,5,298.98,900,0.91,0.24,2.59,N/A,25.31,0.88,2024-12-20,M06804,5,000029,N/A,N/A,N/A,N/A,N/A,N/A
529,6,3.12,657,0.66,0.24,1.99,N/A,17.24,1.13,2024-12-20,M06804,6,000029,N/A,N/A,N/A,N/A,N/A,N/A
530,6,5.25,647,0.65,0.24,1.94,3.43,18.88,1.49,2024-12-20,M06804,6,000029,N/A,N/A,N/A,N/A,N/A,N/A
531,6,8.68,2004,2.02,0.24,5.73,3.78,22.02,1.08,2024-12-20,M06804,6,000029,N/A,N/A,N/A,N/A,N/A,N/A
532,6,12.46,587,0.59,0.25,1.72,1.64,37.42,0.79,2024-12-20,M06804,6,000029,N/A,N/A,N/A,N/A,N/A,N/A
533,6,14.1,1355,1.37,0.24,3.89,2.78,22.87,0.9,2024-12-20,M06804,6,000029,N/A,N/A,N/A,N/A,N/A,N/A
534,6,16.88,823,0.83,0.24,2.4,2.26,29.63,1.01,2024-12-20,M06804,6,000029,N/A,N/A,N/A,N/A,N/A,N/A
535,6,19.14,2686,2.71,0.25,7.52,2.9,25.28,1.01,2024-12-20,M06804,6,000029,N/A,N/A,N/A,N/A,N/A,N/A
536,6,22.04,962,0.97,0.24,2.84,1.15,24.32,0.96,2024-12-20,M06804,6,000029,N/A,N/A,N/A,N/A,N/A,N/A
537,6,23.19,1856,1.87,0.25,5.31,5.19,22.81,1.01,2024-12-20,M06804,6,000029,N/A,N/A,N/A,N/A,N/A,N/A
538,6,28.38,2463,2.49,0.26,7.06,3.2,27.44,0.96,2024-12-20,M06804,6,000029,N/A,N/A,N/A,N/A,N/A,N/A
539,6,31.58,1559,1.57,0.25,4.36,3.47,26.72,0.99,2024-12-20,M06804,6,000029,N/A,N/A,N/A,N/A,N/A,N/A
540,6,35.05,1190,1.2,0.27,3.35,2.97,30.84,0.93,2024-12-20,M06804,6,000029,N/A,N/A,N/A,N/A,N/A,N/A
541,6,38.02,689,0.7,0.24,2.04,1.72,20.49,1.06,2024-12-20,M06804,6,000029,N/A,N/A,N/A,N/A,N/A,N/A
542,6,39.74,1308,1.32,0.24,3.73,1.32,23.48,1.13,2024-12-20,M06804,6,000029,N/A,N/A,N/A,N/A,N/A,N/A
543,6,41.06,1561,1.58,0.25,4.4,5.5,23.69,1.01,2024-12-20,M06804,6,000029,N/A,N/A,N/A,N/A,N/A,N/A
544,6,46.56,1471,1.49,0.27,3.96,2.34,20.99,1.16,2024-12-20,M06804,6,000029,N/A,N/A,N/A,N/A,N/A,N/A
545,6,48.9,1309,1.32,0.25,3.64,2.65,32.79,1.07,2024-12-20,M06804,6,000029,N/A,N/A,N/A,N/A,N/A,N/A
546,6,51.55,620,0.63,0.25,1.89,2.75,21.49,0.99,2024-12-20,M06804,6,000029,N/A,N/A,N/A,N/A,N/A,N/A
547,6,54.3,1076,1.09,0.24,3.15,3.22,21.13,0.95,2024-12-20,M06804,6,000029,N/A,N/A,N/A,N/A,N/A,N/A
548,6,57.52,2116,2.14,0.24,6.05,3.53,19.33,0.9,2024-12-20,M06804,6,000029,N/A,N/A,N/A,N/A,N/A,N/A
549,6,61.05,759,0.77,0.23,2.27,1.26,14.16,1.28,2024-12-20,M06804,6,000029,N/A,N/A,N/A,N/A,N/A,N/A
550,6,62.31,970,0.98,0.26,2.63,2.31,33.33,0.93,2024-12-20,M06804,6,000029,N/A,N/A,N/A,N/A,N/A,N/A
551,6,64.62,1831,1.85,0.24,5.27,3.9,16.27,0.8,2024-12-20,M06804,6,000029,N/A,N/A,N/A,N/A,N/A,N/A
552,6,68.52,3803,3.84,0.27,10.11,4.3,30.08,1.17,2024-12-20,M06804,6,000029,N/A,N/A,N/A,N/A,N/A,N/A
553,6,72.82,712,0.72,0.24,2.08,4.39,32.15,0.8,2024-12-20,M06804,6,000029,N/A,N/A,N/A,N/A,N/A,N/A
554,6,77.21,801,0.81,0.24,2.42,2.52,21.02,1.0,2024-12-20,M06804,6,000029,N/A,N/A,N/A,N/A,N/A,N/A
555,6,79.73,1153,1.16,0.5,1.94,3.09,51.1,1.73,2024-12-20,M06804,6,000029,N/A,N/A,N/A,N/A,N/A,N/A
556,6,82.82,1058,1.07,0.26,2.95,2.27,35.81,1.41,2024-12-20,M06804,6,000029,N/A,N/A,N/A,N/A,N/A,N/A
557,6,85.09,1030,1.04,0.25,3.02,2.7,24.72,0.98,2024-12-20,M06804,6,000029,N/A,N/A,N/A,N/A,N/A,N/A
558,6,87.79,603,0.61,0.23,1.83,2.95,17.31,1.14,2024-12-20,M06804,6,000029,N/A,N/A,N/A,N/A,N/A,N/A
559,6,90.74,873,0.88,0.24,2.56,3.29,19.45,1.28,2024-12-20,M06804,6,000029,N/A,N/A,N/A,N/A,N/A,N/A
560,6,94.03,1842,1.86,0.24,5.23,2.5,18.59,0.92,2024-12-20,M06804,6,000029,N/A,N/A,N/A,N/A,N/A,N/A
561,6,96.53,1453,1.47,0.25,4.03,5.13,25.19,1.18,2024-12-20,M06804,6,000029,N/A,N/A,N/A,N/A,N/A,N/A
562,6,101.66,1270,1.28,0.26,3.46,4.22,38.31,1.02,2024-12-20,M06804,6,000029,N/A,N/A,N/A,N/A,N/A,N/A
563,6,105.88,1564,1.58,0.3,3.8,4.62,34.72,1.32,2024-12-20,M06804,6,000029,N/A,N/A,N/A,N/A,N/A,N/A
564,6,110.5,1187,1.2,0.25,3.45,4.5,14.82,1.14,2024-12-20,M06804,6,000029,N/A,N/A,N/A,N/A,N/A,N/A
565,6,115.0,1980,2.0,0.24,5.72,3.32,15.06,0.98,2024-12-20,M06804,6,000029,N/A,N/A,N/A,N/A,N/A,N/A
566,6,118.32,1019,1.03,0.24,3.01,4.18,16.91,1.11,2024-12-20,M06804,6,000029,N/A,N/A,N/A,N/A,N/A,N/A
567,6,122.5,983,0.99,0.26,2.73,1.73,41.23,0.94,2024-12-20,M06804,6,000029,N/A,N/A,N/A,N/A,N/A,N/A
568,6,124.23,920,0.93,0.24,2.73,4.21,21.94,0.9,2024-12-20,M06804,6,000029,N/A,N/A,N/A,N/A,N/A,N/A
569,6,128.44,1720,1.74,0.26,4.83,4.73,25.24,1.06,2024-12-20,M06804,6,000029,N/A,N/A,N/A,N/A,N/A,N/A
570,6,133.17,1203,1.22,0.27,3.05,2.9,27.86,1.19,2024-12-20,M06804,6,000029,N/A,N/A,N/A,N/A,N/A,N/A
571,6,136.07,1968,1.99,0.24,5.55,5.16,24.3,0.99,2024-12-20,M06804,6,000029,N/A,N/A,N/A,N/A,N/A,N/A
572,6,141.23,1779,1.8,0.24,5.04,1.46,17.08,1.0,2024-12-20,M06804,6,000029,N/A,N/A,N/A,N/A,N/A,N/A
573,6,142.69,595,0.6,0.24,1.77,3.1,28.37,0.95,2024-12-20,M06804,6,000029,N/A,N/A,N/A,N/A,N/A,N/A
574,6,145.79,1669,1.69,0.3,4.13,5.92,38.38,1.11,2024-12-20,M06804,6,000029,N/A,N/A,N/A,N/A,N/A,N/A
575,6,151.71,4418,4.46,0.27,12.55,3.93,22.45,1.11,2024-12-20,M06804,6,000029,N/A,N/A,N/A,N/A,N/A,N/A
576,6,155.64,1903,1.92,0.25,5.42,3.81,27.15,0.96,2024-12-20,M06804,6,000029,N/A,N/A,N/A,N/A,N/A,N/A
577,6,159.45,705,0.71,0.24,2.07,2.58,32.89,0.86,2024-12-20,M06804,6,000029,N/A,N/A,N/A,N/A,N/A,N/A
578,6,162.03,3861,3.9,0.35,9.11,4.27,39.0,1.28,2024-12-20,M06804,6,000029,N/A,N/A,N/A,N/A,N/A,N/A
579,6,166.3,1889,1.91,0.27,4.94,4.39,30.4,1.2,2024-12-20,M06804,6,000029,N/A,N/A,N/A,N/A,N/A,N/A
580,6,170.69,1580,1.6,0.25,4.54,1.02,23.92,1.01,2024-12-20,M06804,6,000029,N/A,N/A,N/A,N/A,N/A,N/A
581,6,171.71,595,0.6,0.25,1.8,2.78,34.44,0.9,2024-12-20,M06804,6,000029,N/A,N/A,N/A,N/A,N/A,N/A
582,6,174.49,989,1.0,0.27,2.94,1.12,33.83,1.03,2024-12-20,M06804,6,000029,N/A,N/A,N/A,N/A,N/A,N/A
583,6,175.61,1980,2.0,0.25,5.54,2.94,22.27,1.06,2024-12-20,M06804,6,000029,N/A,N/A,N/A,N/A,N/A,N/A
584,6,178.55,1259,1.27,0.26,3.37,3.68,29.3,1.18,2024-12-20,M06804,6,000029,N/A,N/A,N/A,N/A,N/A,N/A
585,6,182.23,1511,1.53,0.25,4.11,2.8,26.06,1.14,2024-12-20,M06804,6,000029,N/A,N/A,N/A,N/A,N/A,N/A
586,6,185.03,759,0.77,0.25,2.21,1.8,34.58,0.92,2024-12-20,M06804,6,000029,N/A,N/A,N/A,N/A,N/A,N/A
587,6,186.83,1174,1.19,0.26,3.25,3.43,36.42,1.14,2024-12-20,M06804,6,000029,N/A,N/A,N/A,N/A,N/A,N/A
588,6,190.26,1977,2.0,0.26,5.49,2.64,34.39,1.23,2024-12-20,M06804,6,000029,N/A,N/A,N/A,N/A,N/A,N/A
589,6,192.9,999,1.01,0.25,2.93,2.55,22.78,1.05,2024-12-20,M06804,6,000029,N/A,N/A,N/A,N/A,N/A,N/A
590,6,195.45,856,0.86,0.27,2.34,8.02,44.38,1.09,2024-12-20,M06804,6,000029,N/A,N/A,N/A,N/A,N/A,N/A
591,6,203.47,2367,2.39,0.24,6.72,3.5,19.26,0.97,2024-12-20,M06804,6,000029,N/A,N/A,N/A,N/A,N/A,N/A
592,6,206.97,2335,2.36,0.24,6.63,1.74,21.0,0.92,2024-12-20,M06804,6,000029,N/A,N/A,N/A,N/A,N/A,N/A
593,6,208.71,1471,1.49,0.24,4.25,4.77,20.85,0.85,2024-12-20,M06804,6,000029,N/A,N/A,N/A,N/A,N/A,N/A
594,6,213.48,1450,1.46,0.34,3.28,4.57,34.8,1.42,2024-12-20,M06804,6,000029,N/A,N/A,N/A,N/A,N/A,N/A
595,6,218.05,1357,1.37,0.43,3.16,2.7,32.65,1.42,2024-12-20,M06804,6,000029,N/A,N/A,N/A,N/A,N/A,N/A
596,6,220.75,672,0.68,0.27,1.99,2.43,26.75,1.2,2024-12-20,M06804,6,000029,N/A,N/A,N/A,N/A,N/A,N/A
597,6,223.18,796,0.8,0.26,2.47,2.31,23.94,1.21,2024-12-20,M06804,6,000029,N/A,N/A,N/A,N/A,N/A,N/A
598,6,225.49,902,0.91,0.24,2.62,2.42,22.04,0.87,2024-12-20,M06804,6,000029,N/A,N/A,N/A,N/A,N/A,N/A
599,6,227.91,1318,1.33,0.24,3.84,3.03,15.59,1.01,2024-12-20,M06804,6,000029,N/A,N/A,N/A,N/A,N/A,N/A
600,6,230.94,1708,1.73,0.24,4.95,3.43,16.85,0.79,2024-12-20,M06804,6,000029,N/A,N/A,N/A,N/A,N/A,N/A
601,6,234.37,652,0.66,0.23,1.93,1.23,20.11,0.92,2024-12-20,M06804,6,000029,N/A,N/A,N/A,N/A,N/A,N/A
602,6,235.6,1425,1.44,0.24,4.09,2.63,21.14,1.02,2024-12-20,M06804,6,000029,N/A,N/A,N/A,N/A,N/A,N/A
603,6,238.23,1632,1.65,0.24,4.73,1.88,17.26,0.91,2024-12-20,M06804,6,000029,N/A,N/A,N/A,N/A,N/A,N/A
604,6,240.11,1264,1.28,0.25,3.53,1.85,33.11,0.94,2024-12-20,M06804,6,000029,N/A,N/A,N/A,N/A,N/A,N/A
605,6,241.96,2783,2.81,0.24,7.81,6.66,21.62,0.98,2024-12-20,M06804,6,000029,N/A,N/A,N/A,N/A,N/A,N/A
606,6,248.62,1155,1.17,0.24,3.36,4.06,22.53,0.95,2024-12-20,M06804,6,000029,N/A,N/A,N/A,N/A,N/A,N/A
607,6,252.68,1835,1.85,0.25,5.22,3.19,18.19,1.01,2024-12-20,M06804,6,000029,N/A,N/A,N/A,N/A,N/A,N/A
608,6,255.87,2086,2.11,0.24,5.99,3.22,16.87,0.94,2024-12-20,M06804,6,000029,N/A,N/A,N/A,N/A,N/A,N/A
609,6,259.09,1936,1.96,0.25,5.32,4.35,25.73,1.21,2024-12-20,M06804,6,000029,N/A,N/A,N/A,N/A,N/A,N/A
610,6,263.44,1571,1.59,0.24,4.52,1.22,17.18,0.91,2024-12-20,M06804,6,000029,N/A,N/A,N/A,N/A,N/A,N/A
611,6,264.66,605,0.61,0.24,1.84,2.95,23.08,1.15,2024-12-20,M06804,6,000029,N/A,N/A,N/A,N/A,N/A,N/A
612,6,267.61,2606,2.63,0.29,7.8,6.19,24.82,1.0,2024-12-20,M06804,6,000029,N/A,N/A,N/A,N/A,N/A,N/A
613,6,273.8,793,0.8,0.24,2.34,2.66,23.23,0.87,2024-12-20,M06804,6,000029,N/A,N/A,N/A,N/A,N/A,N/A
614,6,276.46,2760,2.79,0.26,7.52,2.46,26.85,1.05,2024-12-20,M06804,6,000029,N/A,N/A,N/A,N/A,N/A,N/A
615,6,278.92,642,0.65,0.24,1.95,3.92,23.76,1.11,2024-12-20,M06804,6,000029,N/A,N/A,N/A,N/A,N/A,N/A
616,6,282.84,675,0.68,0.25,2.07,1.51,22.46,1.06,2024-12-20,M06804,6,000029,N/A,N/A,N/A,N/A,N/A,N/A
617,6,284.35,1402,1.42,0.25,3.9,4.92,27.07,1.03,2024-12-20,M06804,6,000029,N/A,N/A,N/A,N/A,N/A,N/A
618,6,289.27,1100,1.11,0.26,3.0,3.53,36.61,1.03,2024-12-20,M06804,6,000029,N/A,N/A,N/A,N/A,N/A,N/A
619,6,292.8,842,0.85,0.24,2.51,2.19,20.22,1.17,2024-12-20,M06804,6,000029,N/A,N/A,N/A,N/A,N/A,N/A
620,6,294.99,1982,2.0,0.24,5.78,3.52,17.61,1.04,2024-12-20,M06804,6,000029,N/A,N/A,N/A,N/A,N/A,N/A
621,6,298.51,2028,2.05,0.25,5.59,N/A,26.88,1.02,2024-12-20,M06804,6,000029,N/A,N/A,N/A,N/A,N/A,N/A
