path,electrodes
/mnt/disk15tb/jonathan/Syngap3/Syngap3/230117/16792/Network/000258/data.raw.h5,"[12447, 12026, 11703, 11731, 8947, 17160, 8330, 11457, 13878, 9540, 10607, 12062, 13807, 13232, 14450, 14049, 16866, 9455, 9154, 17595, 11835, 11914, 17881, 14922, 9682, 9204, 7738, 5789, 8184, 8184, 13446, 5889, 21781, 6655, 21074, 18429, 6160, 20382, 8843, 15841, 6622, 7009, 13592, 16802, 20661, 11828, 11234, 12407, 22349, 10839, 12496, 19165, 24375, 621, 12018, 18656, 3568, 7009, 1542, 4437, 9086, 10607, 19008, 7075, 21358, 18493, 15419, 26386, 834, 20841, 220, 3038, 2443, 7972, 9136, 1933, 21420, 1362, 15227, 16096, 1996, 18200, 23729, 14592, 22904, 19824, 893, 24409, 14820, 905, 17203, 189, 7635, 4859, 8210, 10921, 18417, 19395, 19524, 7120, 19218, 4872, 20321, 9081, 9081, 7009, 14805, 22830, 16759, 26216, 7972, 8272, 10390, 15757, 17076, 2787, 11542, 22494, 19946, 2025, 14805, 271, 23873, 2281, 22374, 22374, 7553, 979, 19886, 58, 20315, 22601, 16560, 5814, 4016, 15508, 11341, 9623, 21616, 18539, 22618, 2471, 6735, 16349, 3377, 2471, 47, 172, 2327, 1185, 18193, 22071, 25434, 953, 2713, 8229, 1902, 7353, 10861, 4735, 2771, 19264, 24721, 16834, 6483, 10033, 10033, 23208, 574, 26071, 17720, 3387, 17252, 22795, 2529, 2074, 22549, 25832, 3859, 26295, 13517, 12217, 22543, 10203, 16166, 18366, 23202, 7609, 17508, 23636, 23636, 1880, 10662, 4528, 23003, 6941, 22978, 22136, 970, 8682, 4473, 18136, 14846, 13730, 16077, 12611, 15419, 18379, 999, 5550]"
/mnt/disk15tb/jonathan/Syngap3/Syngap3/230117/16940/Network/000262/data.raw.h5,"[13684, 16886, 10986, 10759, 13827, 11878, 15659, 9401, 15384, 9506, 12532, 16057, 12791, 13161, 13949, 12704, 18197, 11907, 15025, 11300, 15681, 21091, 3340, 13871, 9232, 9232, 16683, 22016, 24395, 5476, 19661, 13629, 19171, 23313, 3575, 10100, 10087, 22431, 19814, 12806, 10631, 19561, 6428, 15806, 12731, 10748, 18435, 18505, 7505, 16998, 18003, 8411, 10867, 12402, 12593, 7668, 14784, 17686, 23996, 10178, 21071, 11725, 12566, 34, 17589, 15701, 1479, 23964, 21111, 2957, 24292, 7308, 11590, 17657, 7541, 4575, 11744, 5449, 3249, 2238, 2365, 6309, 406, 17214, 22431, 11514, 4374, 18869, 18869, 197, 4249, 2182, 6132, 4604, 15352, 9097, 18692, 25559, 26131, 12475, 4904, 1473, 11509, 3059, 191, 25768, 26150, 12048, 19417, 19417, 3487, 23413, 20855, 4127, 6879, 20990, 16107, 5449, 24832, 24366, 3816, 26338, 399, 6038, 3040, 2906, 6420, 176, 25342, 6879, 818, 3892, 18788, 23159, 3147, 18621, 3013, 812, 22724, 24121, 10422, 14605, 2264, 21278, 6056, 4548, 26345, 10434, 10434, 2581, 22761, 5415, 8934, 4496, 2917, 3000, 4677, 5206, 1831, 22500, 1681, 20539, 5186, 5186, 8282, 26218, 6907, 23914, 3570, 23914, 16358, 22708, 22708, 4046, 6972, 4115, 4115, 8407, 7849, 25368, 17094, 8459, 8282, 23675, 3600, 3600, 19871, 4548, 6951, 2346, 18548, 19487, 8698, 8698, 26041, 6483, 3877, 25186, 5143, 12415, 6038, 3370, 4092, 4088, 19236, 6065, 1886, 4291, 106, 4287, 797, 25844, 25400, 1024, 1440, 6273, 18565, 22765, 26082, 2957, 4300, 25848, 22961, 2522, 2747, 26272, 26307, 4961, 24753, 18133, 3835, 3835, 21658, 21769, 197]"
/mnt/disk15tb/jonathan/Syngap3/Syngap3/230117/16787/Network/000254/data.raw.h5,"[14817, 14817, 11595, 9726, 13286, 15978, 12800, 9938, 13268, 13759, 13597, 12505, 8892, 5339, 11520, 12011, 13744, 14622, 14829, 19120, 10392, 11599, 11549, 11054, 18653, 11969, 10292, 11784, 17704, 21775, 6669, 14374, 21325, 5477, 15965, 13110, 10648, 16798, 7821, 11560, 8692, 18876, 12018, 5574, 14012, 8012, 20237, 21603, 5427, 17684, 14853, 14853, 17935, 21031, 15896, 25941, 26337, 6733, 24638, 20392, 3121, 13521, 434, 10618, 14167, 1101, 6897, 5550, 11117, 1410, 8236, 21391, 8664, 8664, 19299, 404, 7547, 17667, 19472, 20744, 8729, 24785, 24785, 21738, 10441, 18553, 2908, 19935, 4099, 17031, 20970, 19292, 17506, 17677, 18358, 5339, 18610, 17014, 13351, 21530, 529, 18553, 19292, 25255, 5129, 56, 22307, 12175, 23478, 4449, 20315, 26122, 9304, 20131, 19931, 21403, 23370, 4038, 1397, 10454, 18133, 17479, 703, 4773, 15312, 8221, 8932, 21695, 2496, 1674, 21403, 19035, 8656, 20790, 4038, 2282, 3664, 18133, 25206, 2917, 19861, 4465, 24274, 22586, 26249, 20142, 25589, 15949, 2790, 26032, 19945, 2929, 6905, 1022, 5612, 22513, 23907, 735, 4087, 23404, 25436, 17689, 320, 6453, 1022, 17051, 22566, 11310, 11310, 24302, 10423, 10423, 4958, 1680, 25161, 19897, 3602, 24709, 22782, 19454, 24323, 6717, 2945, 19668, 23638, 1859, 10877, 17479, 1430, 15053, 7563, 22976, 8919, 23628, 26288, 26288, 8906, 24296, 24296, 24072, 772, 12859, 18164, 3626, 23628, 3636, 8240, 24085, 8236, 21905, 13533, 981, 2983, 12865, 24739, 4700, 4055, 2741, 1884, 23422, 21452, 6927, 9789, 25415, 6264, 6067, 25828, 23750, 22302]"
/mnt/disk15tb/jonathan/Syngap3/Syngap3/230117/16869/Network/000266/data.raw.h5,"[12331, 16631, 10644, 9437, 13692, 16886, 13676, 14282, 13676, 13899, 11935, 8342, 12978, 15834, 12522, 14854, 13163, 7024, 15884, 11169, 8641, 18459, 11603, 17646, 8612, 9451, 17638, 17773, 10294, 13922, 11471, 13358, 4853, 2899, 17681, 23745, 20166, 6335, 6978, 5801, 15973, 18217, 9734, 14825, 11654, 20033, 20238, 10999, 17145, 13478, 16486, 10677, 13590, 12811, 10588, 4607, 6842, 15966, 15966, 15658, 9637, 8979, 5837, 6192, 14374, 2242, 18984, 5454, 11133, 18629, 12469, 13124, 8404, 4328, 25144, 3699, 25662, 21079, 19645, 14224, 2354, 10845, 205, 15230, 12469, 15658, 24577, 18853, 8213, 12056, 7644, 9966, 20752, 18196, 10612, 14395, 8647, 14183, 8486, 2017, 5678, 14462, 6541, 20494, 2453, 9502, 5864, 447, 9738, 4002, 23590, 23314, 2645, 12469, 442, 8486, 19539, 8107, 5996, 607, 17134, 10706, 24270, 25489, 1374, 19640, 26237, 20723, 15913, 6004, 20985, 24162, 6551, 12614, 5222, 399, 18099, 14406, 22311, 11072, 6506, 18536, 17513, 20124, 22383, 16856, 17455, 26345, 2701, 15077, 304, 4336, 718, 25135, 25135, 20524, 18428, 2272, 5632, 1052, 22502, 9084, 5801, 25027, 8408, 19524, 10250, 19723, 16863, 5561, 4017, 12469, 6441, 149, 1169, 22755, 4105, 1899, 21861, 5801, 8006, 21890, 8486, 18816, 16809, 2718, 25401, 25401, 11972, 2329, 25820, 13974, 81, 12223, 11541, 20821, 4093, 14380, 9116, 355, 17923, 17944, 5837, 26080, 5144, 7820, 24955, 23172, 21912, 26317, 18372, 3201, 12223, 5837, 5837, 4520, 5837, 17707, 8906, 2303, 22983, 998, 25863, 19230, 1214, 20591, 14610, 11556, 4063, 26035, 13992, 5156, 12636, 16172, 9096, 1002, 17689, 13316, 16822, 18178, 1002, 1002, 24950, 22569, 2311, 26051, 14208, 309, 8025, 13899, 8486, 1133, 1133, 19477, 12882, 15067]"
/mnt/disk15tb/jonathan/Syngap3/Syngap3/230117/16666/Network/000256/data.raw.h5,"[12979, 12238, 11888, 12730, 16918, 11872, 13445, 16961, 14138, 21338, 7247, 9911, 13831, 15638, 8598, 16724, 9026, 6144, 11188, 15354, 7615, 20963, 14705, 14935, 9406, 18906, 9682, 7219, 17410, 11252, 12024, 17615, 9264, 6992, 20042, 23082, 20879, 5519, 10997, 13454, 3703, 21580, 20820, 22429, 19810, 7715, 18716, 21541, 17793, 20254, 6000, 16113, 10506, 13634, 6842, 19394, 15836, 6192, 22866, 11597, 17120, 14335, 24187, 17007, 20648, 6339, 7219, 21109, 1325, 21580, 1557, 26195, 486, 23171, 14, 10062, 11127, 24643, 21757, 3332, 18949, 18155, 23323, 1955, 8529, 13721, 20284, 5100, 2801, 17756, 3286, 684, 21350, 10636, 24868, 22040, 19103, 4187, 24632, 1788, 8540, 19097, 4402, 19579, 11090, 20748, 22410, 6901, 5253, 24682, 24892, 19643, 39, 3260, 5798, 5876, 23566, 12469, 19419, 1145, 2146, 21069, 10184, 5375, 15471, 22801, 4258, 20587, 20587, 13960, 21922, 6518, 12702, 18552, 19284, 6234, 21840, 24487, 3356, 7957, 17249, 23265, 16173, 24584, 7605, 18315, 15103, 22492, 14909, 20385, 10877, 2788, 18615, 18192, 2736, 2344, 26324, 11793, 10221, 19014, 15318, 23850, 17280, 8494, 3825, 21241, 6261, 11763, 23416, 23189, 16864, 8688, 14634, 1635, 25187, 4966, 12868, 20371, 14170, 26272, 2084, 22127, 25414, 21911]"
/mnt/disk15tb/jonathan/Syngap3/Syngap3/230117/16856/Network/000248/data.raw.h5,"[16977, 15775, 12994, 13656, 9711, 14807, 13893, 9079, 12144, 5956, 10303, 17865, 7954, 16983, 11928, 10612, 22018, 12808, 19185, 20063, 13482, 22409, 15015, 17406, 20961, 3568, 25761, 1746, 23557, 17226, 24232, 17455, 17455, 25751, 19505, 2821, 2667, 474, 18280, 8105, 3110, 23812, 14874, 23352, 11148, 3779, 9179, 25334, 8049, 17455, 3137, 6105, 26099, 17455, 7977, 25163, 5621, 15240, 17031, 2278, 21725, 25154, 23708, 4926, 5609, 20112, 2959, 3874, 14401, 19656, 2085, 5178, 22309, 2506, 25175, 16827, 4548, 16610, 8894, 21666, 21443, 2101, 23862]"
/mnt/disk15tb/jonathan/Syngap3/Syngap3/230117/16665/Network/000244/data.raw.h5,"[8991, 18503, 14063, 14596, 11648, 9731, 11881, 15406, 12405, 10546, 6175, 15000, 15000, 14291, 17375, 8808, 18925, 18503, 7724, 18249, 9507, 20676, 17146, 19108, 9935, 4161, 7482, 15829, 16360, 17805, 8795, 24824, 6324, 19545, 10565, 11496, 13391, 5715, 22680, 3903, 18089, 879, 18891, 16328, 2251, 7865, 25101, 3562, 1740, 4118, 22429, 8642, 3937, 7748, 1949, 6560, 8610, 4649, 25927, 25993, 24152, 1285, 17522, 25480, 5859, 4442, 2155, 3582, 5994, 20535, 16645, 7618, 25802, 22157, 4348, 22276, 25890, 6531, 26320, 2997, 12405, 18796, 24317, 18374, 4094, 18597, 18597, 13076, 2088, 6025, 3055, 26091]"
/mnt/disk15tb/jonathan/Syngap3/Syngap3/230117/16795/Network/000252/data.raw.h5,"[8405, 14726, 7489, 16249, 11930, 10381, 16906, 12299, 9496, 12568, 11447, 6163, 14072, 15615, 7195, 17616, 6826, 7876, 8598, 14772, 22002, 17609, 18270, 3285, 6395, 10756, 12568, 14772, 7241, 17629, 3977, 12757, 8140, 4894, 3299, 3516, 23111, 21567, 21567, 17861, 5526, 23991, 4603, 11500, 2617, 20032, 2199, 25298, 26397, 24682, 25041, 16305, 20853, 4200, 24383, 10402, 26379, 16325, 21980, 10506, 10506, 2680, 23963, 9509, 24872, 6440, 6826, 3511, 13688, 26186, 7065, 11813, 2688, 26153, 22633, 4213, 26229, 24598, 1510, 24678, 2031, 22037, 1352, 20071, 23353, 9085, 12576, 6649, 25136, 25884, 21504, 3343, 17569, 13368, 5597, 19413, 18420, 18420, 15893, 160, 18108, 10172, 8065, 22502, 7619, 6913, 6913, 25571, 21157, 1050, 21050, 24249, 926, 20946, 25369, 6303, 2916, 1173, 21495, 2517, 2498, 8870, 8870, 24486, 19074, 26302, 1214, 748, 26094, 2318, 3634, 3863, 1856, 2542, 4947, 17672, 23462, 15003, 18869, 18420, 10283]"
/mnt/disk15tb/jonathan/Syngap3/Syngap3/230117/16861/Network/000260/data.raw.h5,"[14579, 10843, 15385, 12579, 15363, 13722, 16872, 15842, 8385, 18021, 10116, 11934, 15462, 14077, 9020, 10985, 13453, 16119, 649, 8771, 14772, 9686, 9202, 19856, 15646, 10824, 6333, 1779, 9649, 14722, 6636, 16774, 21326, 7257, 12768, 6219, 4415, 11180, 23499, 7024, 3299, 18755, 5459, 20636, 1115, 4213, 458, 20893, 3533, 25763, 6404, 8519, 9494, 857, 12124, 6999, 23318, 18929, 23543, 20232, 3, 4013, 4823, 3566, 6636, 22623, 4228, 396, 3916, 1808, 6311, 26380, 23118, 19205, 40, 13349, 15, 16584, 9280, 5685, 6654, 20737, 12716, 18874, 25552, 53, 21793, 3933, 4213, 5875, 6350, 7298, 18226, 24229, 17640, 9762, 7187, 25353, 14464, 7981, 7747, 695, 21403, 8532, 16220, 26222, 23922, 9334, 6110, 20168, 4471, 1060, 22161, 4890, 5235, 9090, 10418, 24572, 19222, 12426, 4243, 2130, 23830, 6234, 12003, 15704, 3359, 19507, 9313, 10280, 18306, 22368, 4678, 18348, 8880, 385, 23910, 4330, 1371, 22054, 12220, 21390, 11813, 21386, 2584, 15027, 19528, 15312, 24709, 7839, 20988, 21200, 15546, 11083, 22964, 7791, 16347, 17031, 20173, 24105, 19241, 15518, 11331, 26097, 24994, 2495, 2050, 24099, 23011, 21251, 18591, 7782, 12216, 4287, 20139, 12651, 17500, 22105, 24960, 18573, 5166, 18611, 16600, 23003, 9799, 7369, 8261, 22964, 21459, 15502, 25410, 18565, 18565, 23677, 25169, 21854, 23011, 23011]"
/mnt/disk15tb/jonathan/Syngap3/Syngap3/230117/16657/Network/000240/data.raw.h5,"[9042, 14943, 13830, 13043, 10114, 12357, 15876, 10814, 10627, 10824, 14931, 13641, 23555, 19665, 21987, 15257, 18200, 16242, 15378, 15670, 11101, 20523, 17640, 24879, 2379, 24019, 24442, 1276, 10273, 13446, 5279, 1134, 25925, 679, 12221, 19671, 19671, 1079, 12181, 23108, 24895, 17900, 23533, 13259, 24037, 248, 23837, 22938, 8300, 9523, 11517, 25029, 3342, 25997, 19020, 21601, 6238, 20862, 22076, 19847, 16621, 16126, 21179, 5353, 9766, 23388, 26038, 12666, 21417, 19501, 24030, 11748, 6537, 3373, 10227, 10001, 18793, 15064, 18620, 100, 10694, 8269, 21004, 18797, 6238, 21897, 769, 26057, 3639, 1890]"
/mnt/disk15tb/jonathan/Syngap3/Syngap3/230117/16850/Network/000250/data.raw.h5,"[13495, 12055, 9285, 10405, 11860, 13777, 14331, 10181, 10942, 11900, 13159, 16276, 16095, 16920, 11734, 12084, 9447, 1298, 9871, 9744, 17087, 11127, 7107, 8109, 15242, 21050, 12384, 9643, 11605, 21099, 16670, 16798, 15597, 6785, 8143, 8754, 12283, 23145, 17700, 6415, 9976, 5033, 3991, 15541, 6012, 21622, 18866, 16552, 4140, 16200, 16412, 16453, 5513, 24009, 16881, 25079, 928, 20314, 14123, 17754, 14025, 19090, 4457, 22418, 24698, 22418, 7789, 12711, 16089, 6994, 11372, 6981, 5985, 1988, 19544, 23741, 19094, 26010, 15565, 10635, 1562, 18848, 10736, 18543, 23728, 1816, 20951, 10728, 1684, 6673, 26237, 19283, 25885, 6871, 25793, 5017, 4453, 1481, 23703, 19443, 1387, 22471, 22737, 8478, 4007, 2728, 374, 1397, 2796, 22802, 6260, 26339, 1174, 951, 11979, 145, 24327, 3884, 2251, 12922, 5628, 5628, 23597, 5145, 16676, 3353, 2929, 22592, 14187, 15298, 11323, 26255, 20992, 21254, 1851, 5403, 11361, 14439, 2083, 12852, 25668, 2534, 21031, 4269, 15728, 25200, 4044, 24775, 2553, 19465, 13295, 5394, 17937, 114, 1859, 24312, 17284, 6274, 13104, 124, 5162, 3183, 3399, 9976, 1871, 13762, 17691, 2954, 6290, 17713, 973, 24986, 4254, 17691, 24990, 14503, 14503, 11601, 22727]"
/mnt/disk15tb/jonathan/Syngap3/Syngap3/230117/16873/Network/000268/data.raw.h5,"[13220, 14720, 12276, 15807, 16922, 15598, 12377, 17587, 12588, 16900, 17378, 17995, 12100, 12484, 13653, 11176, 3978, 19140, 16896, 23780, 18023, 899, 21793, 22456, 12737, 22867, 5944, 20248, 14766, 9925, 7018, 3101, 19573, 18484, 17779, 16506, 18697, 18474, 14766, 18722, 21157, 23098, 19383, 20456, 7922, 24881, 24196, 21105, 23780, 14898, 24433, 5066, 18228, 1541, 11852, 22208, 20539, 263, 6619, 25759, 25956, 21182, 428, 20900, 5042, 24664, 18929, 14903, 9294, 18023, 6122, 21366, 21366, 13500, 19213, 24587, 14766, 1958, 23702, 5769, 16307, 26379, 3483, 2452, 16133, 5128, 2448, 24428, 23077, 23937, 1534, 23066, 4683, 25568, 21076, 2471, 2381, 1925, 26210, 26210, 25489, 6878, 2694, 4148, 13333, 7218, 18985, 15974, 16180, 5644, 22477, 14158, 24475, 180, 20281, 8262, 22407, 5360, 26239, 16161, 12464, 13035, 18566, 25695, 19421, 4079, 4103, 26343, 7524, 24912, 13955, 20138, 13121, 17333, 19646, 19646, 4227, 8424, 11548, 17264, 10045, 14660, 14660, 8944, 22813, 11776, 8500, 7121, 24946, 6251, 25607, 12444, 20587, 2304, 24301, 8910, 25861, 15518, 17466, 1196, 19491, 3865, 4713, 18653, 17163, 21752, 20276]"
/mnt/disk15tb/jonathan/Syngap3/Syngap3/230117/16867/Network/000264/data.raw.h5,"[15368, 13435, 9851, 14845, 12135, 11471, 14071, 10691, 9280, 13230, 7410, 17367, 20760, 19344, 20298, 17205, 23532, 8390, 21082, 8544, 7900, 19569, 19577, 12135, 18723, 20421, 14075, 22862, 22647, 21616, 3102, 21101, 10150, 16713, 11523, 14338, 5035, 15544, 26176, 19651, 23523, 9751, 26144, 8421, 25535, 26347, 25138, 25946, 229, 8299, 4421, 17354, 444, 7647, 16235, 2250, 6977, 3497, 23798, 5091, 26135, 21042, 17886, 24894, 4360, 14381, 1721, 7872, 18761, 22262, 20993, 21605, 19947, 26044, 11295, 7626, 19657, 17763, 2482, 15734, 21265, 10427, 22278, 19223, 1594, 2475, 26234, 21506, 26230, 10872, 21390, 2810, 19223, 21937, 22473, 19448, 1713, 4132, 22269, 1852, 23431, 18159, 7835, 16151, 19260, 18334, 17029, 12638, 9348, 26284, 22781, 22981, 7158, 25195, 11550, 20343, 18813, 24960, 6736, 21218, 19474, 22346, 17685, 24511, 2635]"
/mnt/disk15tb/jonathan/Syngap3/Syngap3/230117/16821/Network/000246/data.raw.h5,"[10329, 13604, 14037, 14989, 13839, 12806, 12919, 11228, 16013, 11241, 9938, 7975, 5761, 14333, 15864, 16444, 15661, 10581, 15131, 17554, 9005, 2480, 9232, 9704, 11913, 10814, 2548, 16031, 18280, 15884, 10946, 4412, 20840, 17117, 4587, 20702, 15342, 10828, 8836, 15401, 8518, 17128, 9494, 5104, 13398, 8316, 14975, 13660, 7517, 10526, 24846, 10511, 11622, 15636, 18953, 1714, 5537, 9736, 5202, 5429, 24027, 7944, 4022, 25539, 245, 4539, 23075, 4556, 20046, 7089, 21581, 16107, 25783, 4571, 24885, 2457, 20932, 5438, 19830, 6208, 25531, 5448, 25114, 4774, 3243, 1569, 10503, 5035, 16762, 2230, 3568, 9856, 25494, 4893, 2884, 14566, 6312, 23787, 22861, 4545, 24793, 11172, 25109, 23139, 23139, 5091, 19407, 4687, 15216, 2696, 3243, 20192, 19837, 23724, 19195, 18968, 25997, 25997, 18195, 4314, 401, 3243, 1279, 26220, 2992, 25340, 7630, 1828, 2230, 11818, 8083, 23041, 8204, 4975, 7324, 24581, 20510, 9297, 2568, 22597, 18420, 379, 20500, 22054, 5991, 1682, 25465, 5233, 18538, 24146, 22931, 17199, 21376, 23588, 1473, 2467, 8309, 7095, 17545, 3815, 21499, 12694, 2490, 3444, 26255, 1834, 2532, 26242, 297, 297, 3823, 11272, 23825, 2143, 80, 4920, 1441, 24486, 3162, 69, 25370, 26267, 14013, 10173, 26012, 2748, 777, 3186, 992, 18799, 1843, 93, 785, 3198, 9962, 2081, 538, 1197, 4500, 2953, 4710, 4088, 24057, 534, 1184, 1184, 14049, 4687, 12694, 306, 3900, 4551, 530]"
/mnt/disk15tb/jonathan/Syngap3/Syngap3/230117/16742/Network/000242/data.raw.h5,"[13465, 14237, 11480, 12941, 12381, 12274, 17565, 17847, 17847, 14309, 15388, 11682, 10960, 14797, 13138, 12648, 16256, 9286, 13059, 13059, 7785, 14309, 5937, 15924, 10697, 18431, 20249, 4382, 9671, 18868, 12808, 16743, 18207, 7436, 10858, 12737, 17323, 7283, 13586, 16750, 9955, 14132, 5022, 3089, 17690, 8054, 15106, 8629, 16332, 16467, 11380, 16808, 16808, 15474, 25540, 19547, 1499, 6431, 23304, 6198, 641, 19212, 4176, 17428, 16677, 11961, 2047, 6760, 25920, 8757, 13810, 5323, 18978, 3315, 2173, 23574, 3075, 18313, 25928, 6, 4222, 21808, 11164, 10260, 17896, 5996, 25566, 191, 30, 19270, 23492, 6648, 23072, 2144, 18778, 7152, 23361, 24144, 19965, 8651, 19212, 20113, 22161, 18201, 4557, 20340, 14206, 22757, 2482, 1476, 5623, 19439, 25662, 281, 6233, 22820, 20989, 17055, 21292, 22373, 17087, 21948, 6734, 10015, 26009, 2051, 12889, 23807, 13492, 2071, 10874, 26054, 13550, 4693, 735, 20995, 18816, 6030, 25868, 4042, 12014, 12014, 22325, 3439, 17259, 2995, 22974, 15505, 6038, 23610, 17735, 3195, 24550, 26291, 8693, 14864, 9350, 8916, 4722, 26295, 9320, 1437, 6491, 25632, 4945, 10889, 11105, 2745, 25862, 94, 13526, 4523, 3652, 6701, 17717, 14188, 19439, 24976, 4732]"
/mnt/disk15tb/jonathan/Syngap3/Syngap3/230109/16792/Network/000196/data.raw.h5,"[11794, 14132, 18044, 15172, 13730, 17160, 16189, 15811, 12496, 13232, 14450, 10122, 17284, 8330, 13480, 17385, 12953, 11408, 11914, 14433, 8529, 9913, 11607, 14545, 13265, 17455, 4198, 17204, 10921, 19305, 12390, 15426, 6842, 18052, 22206, 20037, 20854, 9424, 15227, 13033, 10608, 7294, 6848, 19217, 22206, 8134, 1965, 22283, 21358, 20045, 14776, 14776, 7220, 23782, 12026, 1933, 26135, 8626, 897, 23069, 4671, 24367, 7946, 7009, 22611, 7738, 8728, 19834, 1127, 1762, 21996, 2005, 4441, 836, 7301, 7009, 7423, 8272, 8272, 24909, 22844, 16884, 26216, 1015, 1578, 26338, 2458, 15248, 1815, 20066, 22494, 19946, 2281, 23351, 18217, 20382, 3455, 19003, 3582, 3582, 4736, 12407, 11997, 4017, 20993, 58, 7333, 23856, 12417, 26235, 2032, 2912, 23150, 3567, 733, 2281, 16866, 25786, 19264, 24057, 14820, 22136, 3207, 19666, 15108, 26095, 558, 22961, 9805, 21414, 11121, 18135, 19929, 8880, 13517, 17729, 5138, 2990, 15508, 25887, 9136, 357, 19008, 16816, 13549, 2750, 12421, 23004, 24754, 23875, 21908, 2750, 1668, 25832, 15523, 1640, 3196, 17267, 17267, 23207, 13286, 14191, 11762, 2088, 6941, 22975, 21458, 2327, 11539, 1853, 22572, 3171, 26075, 22538, 2514, 4308, 20403, 9596]"
/mnt/disk15tb/jonathan/Syngap3/Syngap3/230109/16940/Network/000200/data.raw.h5,"[12806, 8620, 13622, 12756, 16056, 13037, 12800, 11042, 9940, 15659, 9313, 9206, 7900, 8513, 16344, 12593, 18498, 13011, 10758, 9088, 23046, 4823, 17822, 2182, 13155, 23086, 8414, 20202, 19139, 9231, 15452, 18723, 12098, 21091, 12822, 15031, 6996, 1155, 4798, 21170, 7233, 1519, 2365, 5449, 12838, 19172, 9438, 16873, 21842, 20629, 1134, 22707, 22707, 18949, 6207, 7293, 25342, 10421, 21420, 2238, 16578, 25946, 406, 20006, 8282, 4678, 12719, 6655, 9649, 26131, 19199, 812, 15260, 8745, 6659, 15344, 7563, 3487, 17753, 2906, 4127, 14381, 4798, 26150, 157, 5206, 4248, 11514, 3876, 18782, 10864, 4001, 15132, 3013, 3903, 5123, 26345, 2579, 17687, 26339, 18565, 2697, 23192, 7187, 23159, 9401, 3145, 23694, 22071, 6533, 22142, 23807, 1611, 21413, 25435, 3796, 5807, 1440, 21249, 1024, 24337, 24344, 5144, 25607, 1886, 24309, 25627, 8224, 25844, 23004, 25206, 5616, 2080, 2080, 16191, 26082, 6273, 26290, 8472, 22761, 11744, 25390, 5856, 9313, 8224]"
/mnt/disk15tb/jonathan/Syngap3/Syngap3/230109/16787/Network/000192/data.raw.h5,"[8919, 11325, 15978, 10381, 10648, 15965, 13229, 9819, 20131, 9716, 13949, 12454, 11796, 15065, 13742, 12011, 13055, 14192, 10271, 12801, 21052, 18140, 17015, 14597, 14597, 9326, 9326, 17266, 19444, 8436, 10570, 23086, 883, 15938, 10750, 14670, 10423, 17008, 10454, 15601, 12503, 10792, 13536, 17843, 5574, 2903, 20018, 21208, 20246, 21052, 6452, 15563, 12907, 18806, 24810, 20529, 4099, 19231, 13944, 26378, 21404, 11549, 18124, 15051, 15051, 20502, 7793, 6942, 17871, 11375, 19861, 7821, 21769, 4030, 3603, 12661, 14374, 13566, 9729, 25353, 1298, 19291, 4897, 10730, 22058, 407, 6017, 585, 6304, 4253, 17677, 2496, 8240, 17479, 10431, 1397, 18165, 13759, 4773, 14410, 8444, 8444, 24127, 24713, 21695, 12872, 16142, 7385, 20808, 1257, 3140, 19945, 4458, 4487, 2916, 24521, 25442, 16352, 18325, 4231, 14622, 26032, 24489, 23479, 4700, 4700, 4112, 8236, 6253, 10877, 8705, 11344, 2504, 26250, 8044, 25610, 515, 5612, 142, 24296, 24296, 13331, 8050, 11969, 22782, 529, 1896, 21219, 23882, 6497, 2078, 801, 23405, 22976, 3848, 19936, 21231, 16179, 8907, 13085, 22566, 2983, 17935, 17935, 25400, 19472, 9336, 16624, 99, 16390, 20356, 2956, 1884, 1215, 26062, 24296, 1631, 18136, 19096, 3663, 1430, 2085]"
/mnt/disk15tb/jonathan/Syngap3/Syngap3/230109/16869/Network/000204/data.raw.h5,"[8430, 8430, 11043, 9019, 12057, 12720, 10478, 14208, 16630, 14882, 12614, 14680, 10810, 13456, 12470, 12286, 11069, 13772, 12113, 12233, 4411, 15439, 11887, 15277, 11392, 14502, 13316, 11690, 14692, 15072, 6978, 20030, 6004, 23559, 18022, 15836, 10486, 19420, 11199, 17998, 8832, 6379, 18443, 10512, 14076, 18934, 18215, 18524, 18577, 10523, 16100, 14004, 17766, 5574, 8107, 23312, 16911, 5455, 3700, 18639, 24610, 9669, 15230, 8321, 16391, 3782, 7507, 1519, 16989, 442, 20474, 15966, 25972, 16644, 830, 8655, 22623, 18196, 2019, 20055, 2899, 8403, 17762, 9503, 14448, 4161, 5985, 13922, 6560, 19829, 8628, 195, 1361, 8342, 8342, 13942, 24015, 1347, 19539, 20724, 5996, 607, 12439, 22392, 7334, 24242, 161, 491, 20961, 10677, 9971, 5429, 17639, 26360, 19746, 20821, 17681, 2266, 22491, 16822, 14434, 10864, 18975, 23593, 25145, 14605, 16856, 155, 1916, 23162, 22357, 4710, 19512, 5560, 22349, 22349, 10913, 25027, 4781, 4677, 8921, 1817, 20753, 22163, 4124, 24914, 24571, 17747, 7771, 17277, 17645, 11530, 19723, 1930, 6244, 25590, 5801, 13539, 1169, 13102, 24269, 11104, 22080, 18844, 23173, 17708, 5791, 1614, 22084, 11340, 18397, 4548, 14822, 16365, 6951, 13744, 4299, 22581, 18372, 7795, 15501, 20372, 4299, 26080, 5144, 22755, 22755, 25167, 7810, 18362, 9546, 21673, 11564, 25179, 26317, 4722, 24730, 26051, 25828, 981, 19230, 1214, 4299, 5400, 778, 23407, 2981, 17513, 5156, 7825, 3843, 8486, 4303, 17935, 25643, 3204, 24735, 8229, 25866, 7597, 21416, 23858, 23239, 16391, 26080, 22979, 8025]"
/mnt/disk15tb/jonathan/Syngap3/Syngap3/230109/16666/Network/000194/data.raw.h5,"[15795, 15308, 12557, 11269, 13049, 11252, 18192, 6000, 11022, 11203, 11344, 15556, 17395, 7247, 12785, 14249, 8413, 11889, 11597, 12238, 8378, 12032, 11263, 3332, 12500, 3962, 4407, 4125, 4435, 13155, 10997, 22437, 5739, 6191, 15227, 9912, 19358, 8343, 17007, 17409, 20239, 6848, 10636, 23103, 9478, 23113, 19810, 2644, 18210, 12760, 1788, 21504, 11285, 21757, 20608, 21039, 9516, 18155, 218, 12024, 23, 12064, 17756, 1781, 22689, 22863, 5579, 14239, 21820, 9267, 9172, 1067, 13832, 24186, 6128, 25556, 22429, 26191, 18691, 5319, 24868, 25290, 8540, 21109, 4893, 17870, 21739, 21039, 15895, 15895, 17739, 22410, 10399, 24474, 9406, 25113, 10918, 1573, 184, 10726, 18419, 12469, 19643, 10184, 2146, 25909, 39, 23347, 19973, 23924, 26245, 15768, 19419, 23506, 1145, 21851, 6901, 12012, 13289, 10481, 15953, 792, 22952, 15539, 2356, 21498, 6234, 19931, 11307, 17249, 25000, 2050, 23189, 1265, 16668, 6893, 23266, 7615, 2580, 6662, 15103, 7336, 23807, 17527, 4443, 4443, 24909, 24909, 23626, 6006, 2765, 17456, 4690, 22132, 26324, 2032, 25172, 6031, 1022, 19014, 6709, 19688, 10457, 8494, 18801, 17944, 17078, 8433, 730, 22801, 12202, 21888, 13522, 25187, 22772, 11113, 2759, 114, 21457, 8688, 22541, 22541, 9778, 26292, 20569, 12868, 21243, 2322, 3176, 5155, 20806, 20806, 21688, 19062, 11996, 11996, 5275]"
/mnt/disk15tb/jonathan/Syngap3/Syngap3/230109/16856/Network/000186/data.raw.h5,"[14874, 16977, 11680, 17595, 12374, 13656, 13373, 15898, 11909, 14516, 14473, 12366, 9940, 13179, 5956, 14117, 14819, 14747, 15015, 12070, 16937, 14082, 17865, 11394, 9469, 16983, 22446, 6113, 17406, 8197, 21779, 5956, 19843, 17811, 11707, 20694, 4664, 8105, 19186, 14499, 8123, 10553, 20278, 16475, 9926, 7964, 10523, 15816, 9865, 14401, 10612, 8370, 21529, 13044, 2661, 3074, 17833, 2411, 8310, 3061, 9179, 20112, 21163, 7954, 7670, 1353, 24191, 7432, 4463, 13602, 24432, 24244, 16666, 24666, 9079, 19339, 24449, 10931, 25761, 15794, 15695, 474, 3793, 25770, 17527, 9842, 14593, 22409, 5884, 23572, 15269, 22264, 20506, 497, 25825, 5789, 25782, 497, 18440, 3568, 4548, 26021, 3459, 23025, 24699, 1703, 2050, 26099, 21725, 7190, 19847, 25154, 19505, 21639, 21639, 809, 75, 4765, 15549, 20773, 3874, 25226, 22309, 2506, 1866, 9126, 16827, 3857, 23432, 5609, 5394, 2099, 24981, 10467, 24527, 7592, 8894, 21443, 6886, 3831]"
/mnt/disk15tb/jonathan/Syngap3/Syngap3/230109/16665/Network/000182/data.raw.h5,"[14118, 13671, 13695, 10401, 7943, 16926, 12254, 19769, 10341, 10546, 12405, 16917, 16328, 5651, 13737, 24824, 14440, 7749, 6163, 9935, 13391, 19145, 17376, 7482, 15829, 11494, 19092, 10565, 5915, 20762, 3299, 10491, 1960, 879, 10750, 3276, 7865, 19751, 698, 4612, 13031, 4421, 7886, 18446, 16212, 853, 2809, 6784, 20535, 4649, 16360, 25993, 24152, 4569, 1285, 8642, 23491, 2910, 5859, 8063, 3562, 2155, 8963, 2571, 22066, 61, 19427, 14678, 3903, 3999, 25802, 17888, 18089, 25890, 22156, 4765, 18374, 18374, 1177, 24560, 26320, 9597, 3875, 6927, 25812, 16375, 5834, 1656, 1656, 1229, 2088]"
/mnt/disk15tb/jonathan/Syngap3/Syngap3/230109/16795/Network/000190/data.raw.h5,"[13198, 12805, 12023, 16249, 9457, 17998, 13828, 12304, 12035, 9715, 14715, 15616, 12299, 11479, 16702, 6163, 15661, 16715, 14072, 11915, 10103, 18052, 12805, 7195, 15894, 10553, 17602, 16906, 6826, 6826, 20714, 13588, 2914, 13584, 13584, 5039, 10776, 14726, 7748, 18520, 17363, 10533, 11710, 7655, 14783, 18282, 21298, 10169, 15605, 15372, 4894, 3299, 19379, 25298, 3516, 5464, 5526, 20071, 7060, 4822, 7250, 2397, 19594, 1759, 4005, 25056, 10525, 3994, 6333, 24475, 21980, 3324, 7459, 25964, 25964, 15130, 6126, 11174, 21558, 16086, 24383, 948, 10525, 26200, 23733, 25487, 21980, 3757, 23288, 23963, 4420, 23753, 1083, 3286, 24653, 19542, 23310, 3511, 1753, 2391, 23071, 3052, 2688, 8527, 26153, 11607, 5344, 10073, 26229, 2031, 16231, 2231, 7313, 20415, 23809, 4463, 9085, 25703, 6649, 2681, 26220, 8650, 3343, 25255, 21275, 7560, 7411, 8066, 19223, 17763, 7838, 21498, 22378, 25884, 16883, 4692, 160, 14895, 7842, 8736, 17668, 17007, 10067, 1267, 9528, 18856, 24691, 935, 170, 22470, 24150, 5145, 21262, 22050, 23480, 2790, 24352, 7313, 22361, 13492, 25668, 25668, 1636, 26302, 6061, 4736, 11592, 6303, 2318, 3863, 89, 2299, 4947, 5635, 104, 4750, 4732, 3647, 20415, 10525]"
/mnt/disk15tb/jonathan/Syngap3/Syngap3/230109/16861/Network/000198/data.raw.h5,"[15385, 16774, 12332, 14722, 9427, 13656, 13240, 18096, 14359, 9202, 8836, 10352, 8827, 9982, 9457, 14825, 10194, 5513, 10819, 4451, 6403, 5459, 5554, 17640, 14379, 7713, 19167, 7745, 10762, 12140, 24159, 7024, 21616, 11352, 3299, 12849, 13722, 7477, 6350, 24429, 22652, 10169, 25313, 25763, 5496, 22584, 682, 2584, 6636, 5338, 14772, 14772, 15646, 26381, 459, 16577, 7946, 19335, 3533, 17108, 15035, 15676, 18022, 435, 10395, 3933, 1272, 2392, 1370, 17659, 4213, 5879, 18134, 3533, 4668, 6104, 11608, 25557, 10939, 22179, 26222, 719, 25147, 10853, 175, 26113, 10418, 19225, 20988, 18183, 4664, 3359, 3557, 10406, 2357, 22167, 21612, 11813, 16119, 11717, 19528, 22812, 4251, 21200, 19656, 18564, 17464, 25422, 23397, 9090, 7336, 21230, 7562, 300, 25410, 7786, 990, 17275, 23192, 15503, 13516, 17256, 21458, 2987, 23201, 21886, 6952, 24111, 1646, 7836, 7836, 515, 22319, 25169, 24573]"
/mnt/disk15tb/jonathan/Syngap3/Syngap3/230109/16657/Network/000178/data.raw.h5,"[9703, 13043, 15450, 13186, 18200, 13879, 16705, 12284, 9744, 9767, 12357, 15153, 12357, 8422, 13385, 13277, 7291, 11634, 5065, 5055, 5292, 19424, 5519, 6337, 8759, 17562, 11950, 16913, 8376, 18524, 16785, 16124, 18087, 23103, 8576, 17640, 21399, 19579, 688, 24879, 9416, 22207, 24019, 5279, 2637, 11748, 13687, 16435, 1134, 10051, 19387, 2844, 13254, 17369, 22076, 13259, 5261, 24037, 9515, 22938, 26229, 12177, 25991, 20523, 8269, 10406, 25925, 76, 605, 8957, 2380, 4695, 11740, 22919, 21601, 8730, 9979, 4580, 10654, 20343, 21288, 20164, 15471, 3342, 24681, 18797, 26330, 13339, 25029, 11064, 12622, 21417, 1467, 1050, 7846, 946, 20546, 23398, 7370, 7370, 19671, 19671, 18159, 26324, 11101, 21865, 2340, 25401, 21004, 6477, 5404, 24738, 9568, 12001, 769, 14174, 9572, 16613, 7815, 6494, 12666, 9781, 13964, 4728, 5187, 11767, 2730, 4065]"
/mnt/disk15tb/jonathan/Syngap3/Syngap3/230109/16657/Network/000176/data.raw.h5,
/mnt/disk15tb/jonathan/Syngap3/Syngap3/230109/16850/Network/000188/data.raw.h5,"[11372, 16332, 16798, 14116, 11482, 13159, 15196, 15567, 7268, 14122, 4658, 9871, 12550, 12477, 16323, 16035, 6745, 14122, 21763, 21803, 10600, 22418, 14011, 14585, 7888, 15421, 16680, 13659, 10324, 6123, 14122, 6785, 12611, 7849, 17146, 25528, 20989, 3309, 17534, 1323, 9504, 6866, 708, 14122, 16958, 907, 16824, 10, 17619, 1534, 24672, 7911, 13997, 24229, 23828, 18543, 5591, 23836, 26367, 6549, 9975, 17921, 6871, 22477, 14032, 5017, 14122, 14122, 4140, 12370, 21050, 1481, 12662, 18848, 4794, 20522, 7978, 23365, 5999, 22155, 21256, 26339, 21250, 1174, 22738, 5573, 6897, 2120, 20756, 2576, 19901, 6981, 13910, 145, 24698, 374, 17692, 17939, 20093, 1387, 11323, 25885, 9975, 26035, 1859, 24327, 22803, 2102, 6260, 19711, 20989, 4044, 18576, 11781, 22967, 4925, 1859, 330, 114, 25861, 21033, 21214, 14187, 14834, 5162, 17713, 22321, 1871, 6044, 5385, 24304, 16596, 8477, 21214, 15517, 7581, 25388, 4269, 13954]"
/mnt/disk15tb/jonathan/Syngap3/Syngap3/230109/16873/Network/000207/data.raw.h5,"Spike sorting in docker failed with the following error:
write_binary_recording:   0%|          | 0/300 [00:00<?, ?it/s]write_binary_recording:   0%|          | 1/300 [00:13<1:08:34, 13.76s/it]write_binary_recording:   1%|          | 2/300 [00:23<1:02:22, 12.56s/it]write_binary_recording:  18%|█▊        | 54/300 [00:47<36:36,  8.93s/it] write_binary_recording:  36%|███▋      | 109/300 [01:11<20:18,  6.38s/it]write_binary_recording:  54%|█████▍    | 163/300 [01:34<10:29,  4.60s/it]write_binary_recording:  72%|███████▏  | 215/300 [01:58<04:45,  3.35s/it]write_binary_recording:  90%|█████████ | 271/300 [02:09<01:09,  2.41s/it]write_binary_recording: 100%|██████████| 300/300 [02:09<00:00,  2.31it/s]RUNNING SHELL SCRIPT: /mnt/disk15tb/mmpatil/MEA_Analysis/Python/sorting/block_rec0000/sorting/block_rec0000/kilosort2_rec0000/sorter_output/run_kilosort2.sh
Time   0s. Determining good channels.. 

found 515756 threshold crossings in 300.00 seconds of data 

found 73 bad channels 

Time  46s. Computing whitening matrix.. 

Getting channel whitening matrix... 

Channel-whitening matrix computed. 

Time  48s. Loading raw data and applying filters... 

Time  82s. Finished preprocessing 92 batches. 

random seed for clusterSingleBatches: 1

Obtained 7 PC waveforms in 0.69 seconds 

time 0.65, pre clustered 1 / 92 batches 

time 0.18, compared 1 / 92 batches 

time 10.06, Re-ordered 92 batches. 

Time  12s. Optimizing templates ...

12.76 sec, 1 / 92 batches, 155 units, nspks: 80.7296, mu: 34.0242, nst0: 626, merges: 0.0000, 0.0000 

Elapsed time is 69.208756 seconds.

Finished learning templates 

Time  74s. Optimizing templates ...

74.72 sec, 1 / 46 batches, 804 units, nspks: 102.9000, mu: 47.3982, nst0: 2311 

Elapsed time is 94.668706 seconds.

Time  97s. Optimizing templates ...

97.45 sec, 1 / 46 batches, 804 units, nspks: 109.7000, mu: 47.3982, nst0: 2436 

Elapsed time is 115.065276 seconds.

Number of spikes before applying cutoff: 273446

Finished compressing time-varying templates 

initialized spike counts

merged 358 into 355 

merged 774 into 775 

merged 548 into 547 

merged 404 into 402 

merged 235 into 234 

merged 304 into 303 

merged 271 into 270 

merged 131 into 130 

merged 188 into 187 

merged 219 into 221 

merged 276 into 277 

merged 214 into 212 

merged 723 into 724 

merged 642 into 640 

merged 204 into 205 

merged 365 into 371 

merged 711 into 710 

merged 179 into 178 

merged 190 into 187 

merged 128 into 126 

merged 466 into 467 

merged 193 into 270 

merged 127 into 126 

merged 777 into 778 

merged 691 into 690 

Found 0 splits, checked 1/804 clusters, nccg 0 

Found 0 splits, checked 101/804 clusters, nccg 26 

Found 0 splits, checked 201/804 clusters, nccg 49 

Found 0 splits, checked 301/804 clusters, nccg 77 

Found 0 splits, checked 401/804 clusters, nccg 92 

Found 0 splits, checked 501/804 clusters, nccg 116 

Found 0 splits, checked 601/804 clusters, nccg 143 

Found 0 splits, checked 701/804 clusters, nccg 159 

Found 0 splits, checked 801/804 clusters, nccg 179 

Finished splitting. Found 0 splits, checked 804/804 clusters, nccg 179 

Found 0 splits, checked 1/804 clusters, nccg 0 

Found 0 splits, checked 101/804 clusters, nccg 26 

Found 0 splits, checked 201/804 clusters, nccg 50 

Found 0 splits, checked 301/804 clusters, nccg 78 

Found 0 splits, checked 401/804 clusters, nccg 98 

Found 0 splits, checked 501/804 clusters, nccg 121 

Found 0 splits, checked 601/804 clusters, nccg 147 

Found 1 splits, checked 701/805 clusters, nccg 162 

Found 1 splits, checked 801/805 clusters, nccg 184 

Finished splitting. Found 1 splits, checked 805/805 clusters, nccg 185 

----------------------------------------Error using /

Matrix dimensions must agree.
Error running kilosort2

Traceback (most recent call last):
  File ""/mnt/disk15tb/mmpatil/MEA_Analysis/Python/sorting/block_rec0000/sorting/block_rec0000/in_container_sorter_script.py"", line 19, in <module>
    sorting = run_sorter_local(
  File ""/home/miniconda3/lib/python3.8/site-packages/spikeinterface/sorters/runsorter.py"", line 174, in run_sorter_local
    SorterClass.run_from_folder(output_folder, raise_error, verbose)
  File ""/home/miniconda3/lib/python3.8/site-packages/spikeinterface/sorters/basesorter.py"", line 269, in run_from_folder
    raise SpikeSortingError(
spikeinterface.sorters.utils.misc.SpikeSortingError: Spike sorting error trace:
Traceback (most recent call last):
  File ""/home/miniconda3/lib/python3.8/site-packages/spikeinterface/sorters/basesorter.py"", line 234, in run_from_folder
    SorterClass._run_from_folder(sorter_output_folder, sorter_params, verbose)
  File ""/home/miniconda3/lib/python3.8/site-packages/spikeinterface/sorters/external/kilosortbase.py"", line 215, in _run_from_folder
    raise Exception(f""{cls.sorter_name} returned a non-zero exit code"")
Exception: kilosort2 returned a non-zero exit code

Spike sorting failed. You can inspect the runtime trace in /mnt/disk15tb/mmpatil/MEA_Analysis/Python/sorting/block_rec0000/sorting/block_rec0000/kilosort2_rec0000/spikeinterface_log.json.
"
/mnt/disk15tb/jonathan/Syngap3/Syngap3/230109/16867/Network/000202/data.raw.h5,"[17378, 13700, 10427, 13690, 12254, 13272, 12136, 6136, 17447, 11415, 10170, 7003, 20298, 20298, 17205, 12136, 15679, 7673, 11270, 8756, 21082, 7890, 8610, 16777, 15450, 19569, 3942, 7872, 10150, 10693, 4642, 14075, 8227, 11024, 16151, 23798, 7867, 18319, 14118, 11523, 22693, 11725, 21387, 26144, 25754, 22269, 22045, 20993, 23532, 6136, 3087, 444, 16771, 10312, 7009, 25779, 20424, 25795, 24894, 35, 22100, 22100, 5110, 6416, 23463, 1721, 21428, 3919, 15277, 11354, 13143, 21387, 26135, 13943, 3788, 21284, 10656, 14007, 23390, 23390, 13737, 19270, 6758, 11371, 4016, 1594, 20107, 21857, 23211, 25192, 19223, 6909, 11306, 20795, 3821, 4538, 2332, 26267, 20557, 20557, 9348, 18598, 26284, 17939, 25619, 11550, 12431, 13080, 23010, 22091, 18027, 19949]"
/mnt/disk15tb/jonathan/Syngap3/Syngap3/230109/16821/Network/000184/data.raw.h5,"[12806, 12766, 12697, 12583, 14038, 13162, 11703, 15810, 11403, 12720, 15006, 15793, 9484, 11460, 15364, 9910, 15180, 9943, 11238, 10769, 13826, 14333, 10526, 10291, 7971, 3243, 9715, 14996, 19121, 22265, 5270, 20042, 8769, 11008, 3297, 16928, 14563, 14345, 9416, 16694, 14989, 7418, 9233, 20461, 16275, 4384, 16224, 14975, 14983, 16761, 7304, 3725, 24846, 9500, 22881, 19598, 7297, 6771, 22699, 9645, 3900, 15131, 10183, 7503, 19172, 1714, 5537, 17620, 25530, 25734, 10503, 19837, 3243, 5429, 3659, 5563, 4813, 25097, 4022, 23075, 2230, 9191, 25716, 706, 25339, 21581, 19988, 4875, 6433, 20949, 2457, 26217, 18976, 9956, 19830, 20718, 22426, 22935, 6199, 20480, 1569, 9289, 2230, 4572, 24487, 5311, 4893, 23794, 244, 23787, 6427, 4545, 11172, 25109, 19407, 25278, 26123, 3904, 4586, 20192, 24894, 25783, 5101, 23724, 11818, 23806, 5769, 10077, 401, 3243, 23124, 25481, 4979, 17410, 22932, 3568, 4314, 19862, 24276, 23261, 4030, 5325, 4913, 4681, 21938, 25679, 2476, 5438, 24361, 2280, 7754, 23605, 18640, 2055, 21818, 18195, 4670, 5233, 24146, 7544, 3243, 23931, 2665, 24252, 22597, 22597, 2467, 4995, 25465, 17545, 1843, 2992, 24931, 17022, 3444, 2567, 25792, 26256, 1908, 18748, 18748, 299, 25804, 25387, 4920, 12914, 9968, 12024, 2507, 24924, 15702, 106, 992, 8047, 1887, 2081, 24952, 4500, 3635, 26266, 123, 2105, 4275, 23898, 2528, 16694, 17351]"
