path,electrodes
/mnt/disk15tb/jonathan/Syngap3/Syngap3/230109/16792/Network/000196/data.raw.h5,"[11794, 14132, 18044, 15172, 16802, 17160, 16189, 15811, 12496, 13232, 14450, 10122, 17284, 8330, 13480, 17385, 12953, 11408, 11914, 14433, 8529, 9913, 11607, 14545, 13265, 17455, 4198, 17204, 10921, 19305, 12390, 15426, 6842, 18052, 22206, 20037, 20854, 9424, 15227, 13033, 10608, 7294, 6848, 19217, 22206, 8134, 1965, 22283, 21358, 20045, 14776, 14776, 7220, 23782, 12026, 1933, 26135, 8626, 897, 23069, 4671, 24367, 7946, 7009, 22611, 7738, 8728, 19834, 1127, 1762, 21996, 2005, 4441, 836, 7301, 7009, 7423, 8272, 8272, 24909, 22844, 16884, 26216, 1015, 1578, 26338, 2458, 15248, 1815, 20066, 22494, 19946, 2281, 23351, 18217, 20382, 3455, 19003, 3582, 3582, 4736, 12407, 11997, 4017, 20993, 58, 7333, 23856, 12417, 26235, 2032, 2912, 23150, 3567, 733, 2281, 16866, 25786, 19264, 24057, 14820, 22136, 3207, 19666, 15108, 26095, 558, 22961, 9805, 21414, 11121, 18135, 19929, 8880, 13517, 17729, 5138, 2990, 15508, 25887, 9136, 357, 19008, 16816, 13549, 2750, 12421, 23004, 24754, 23875, 21908, 2750, 1668, 25832, 15523, 1640, 3196, 17267, 17267, 23207, 13286, 14191, 11762, 2088, 6941, 22975, 21458, 2327, 11539, 1853, 22572, 3171, 26075, 22538, 2514, 4308, 20403, 9596]"
/mnt/disk15tb/jonathan/Syngap3/Syngap3/230109/16940/Network/000200/data.raw.h5,"[12806, 8620, 13622, 12756, 16056, 13037, 12800, 11042, 9940, 15659, 9313, 9206, 7900, 8513, 16344, 12593, 18498, 13011, 10758, 9088, 22016, 23046, 4823, 17822, 2182, 13155, 23086, 8414, 20202, 19139, 9231, 15452, 18723, 12098, 21091, 12822, 15031, 6996, 1155, 3700, 21170, 7233, 1519, 2365, 5449, 12838, 19172, 9438, 16873, 21842, 20629, 1134, 22707, 22707, 18949, 6207, 7293, 25342, 10421, 21420, 2238, 16578, 25946, 406, 20006, 8282, 4678, 12719, 6655, 9649, 26131, 19199, 812, 15260, 8745, 6659, 15344, 7563, 3487, 17753, 2906, 4127, 14381, 4798, 26150, 157, 5206, 4248, 11514, 3876, 18782, 10864, 4001, 15132, 3013, 3903, 5123, 26345, 2579, 17687, 26339, 18565, 2697, 23192, 7187, 23159, 9401, 3145, 23694, 22071, 6533, 22142, 23807, 1611, 21413, 25435, 3796, 5807, 1440, 21249, 1024, 24337, 24344, 5144, 25607, 1886, 24309, 25627, 8224, 25844, 23004, 25206, 5616, 2080, 2080, 16191, 26082, 6273, 26290, 8472, 22761, 11744, 25390, 5856, 9313, 8224]"
/mnt/disk15tb/jonathan/Syngap3/Syngap3/230109/16787/Network/000192/data.raw.h5,
/mnt/disk15tb/jonathan/Syngap3/Syngap3/230109/16869/Network/000204/data.raw.h5,"[8430, 8430, 11043, 9019, 12057, 12720, 10478, 14208, 16630, 14882, 12614, 14680, 10810, 13456, 12470, 12286, 11069, 13772, 12113, 12233, 4411, 15439, 11887, 15277, 11392, 14502, 13316, 11690, 14692, 15072, 6978, 20030, 6004, 23559, 18022, 15836, 10486, 19420, 11199, 17998, 8832, 6379, 18443, 10512, 14076, 18934, 18215, 18524, 18577, 10523, 16100, 14004, 17766, 5574, 8107, 23312, 16911, 5455, 3700, 18639, 24610, 9669, 15230, 8321, 16391, 3782, 7507, 1519, 16989, 442, 20474, 15966, 25972, 16644, 830, 8655, 22623, 18196, 2019, 20055, 2899, 8403, 17762, 9503, 14448, 4161, 5985, 13922, 6560, 19829, 8628, 195, 1361, 8342, 8342, 13942, 24015, 1347, 19539, 20724, 5996, 607, 12439, 22392, 7334, 24242, 161, 491, 20961, 10677, 9971, 5429, 17639, 26360, 19746, 20821, 17681, 2266, 22491, 16822, 14434, 10864, 18975, 23593, 25145, 14605, 16856, 155, 1916, 23162, 22357, 4710, 19512, 5560, 22349, 22349, 10913, 25027, 4781, 4677, 8921, 1817, 20753, 22163, 4124, 24914, 24571, 17747, 7771, 17277, 17645, 11530, 19723, 1930, 6244, 25590, 5801, 13539, 1169, 13102, 24269, 11104, 22080, 18844, 23173, 17708, 5791, 1614, 22084, 11340, 18397, 4548, 14822, 16365, 6951, 13744, 4299, 22581, 18372, 7795, 15501, 20372, 4299, 26080, 5144, 22755, 22755, 25167, 7810, 18362, 9546, 21673, 11564, 25179, 26317, 4722, 24730, 26051, 25828, 981, 19230, 1214, 4299, 5400, 778, 23407, 2981, 17513, 5156, 7825, 3843, 8486, 4303, 17935, 25643, 3204, 24735, 8229, 25866, 7597, 21416, 23858, 23239, 16391, 26080, 22979, 8025]"
/mnt/disk15tb/jonathan/Syngap3/Syngap3/230109/16666/Network/000194/data.raw.h5,"[15795, 15308, 12557, 11269, 13049, 11252, 18192, 6000, 11022, 11203, 11344, 15556, 17395, 7247, 12785, 14249, 8413, 11889, 11597, 12238, 8378, 12032, 11263, 3332, 12500, 3962, 4407, 4125, 4435, 13155, 10997, 22437, 5739, 6191, 15227, 9912, 19358, 8343, 17007, 17409, 20239, 6848, 10636, 23103, 9478, 23113, 19810, 2644, 18210, 12760, 1788, 21504, 11285, 21757, 20608, 21039, 9516, 18155, 218, 12024, 23, 12064, 17756, 1781, 22689, 22863, 5579, 14239, 21820, 9267, 9172, 1067, 13832, 24186, 6128, 25556, 22429, 26191, 18691, 5319, 24868, 25290, 8540, 21109, 4893, 17870, 21739, 21039, 15895, 15895, 17739, 22410, 10399, 24474, 9406, 25113, 10918, 1573, 184, 10726, 18419, 12469, 19643, 10184, 2146, 25909, 39, 23347, 19973, 23924, 26245, 15768, 19419, 23506, 1145, 21851, 6901, 12012, 13289, 10481, 15953, 792, 22952, 15539, 2356, 21498, 6234, 19931, 11307, 17249, 25000, 2050, 23189, 1265, 16668, 6893, 23266, 7615, 2580, 6662, 15103, 7336, 23807, 17527, 4443, 4443, 24909, 24909, 23626, 6006, 2765, 17456, 4690, 22132, 26324, 2032, 25172, 6031, 1022, 19014, 6709, 19688, 10457, 8494, 18801, 17944, 17078, 8433, 730, 22801, 12202, 21888, 13522, 25187, 22772, 11113, 2759, 114, 21457, 8688, 22541, 22541, 9778, 26292, 20569, 12868, 21243, 2322, 3176, 5155, 20806, 20806, 21688, 19062, 11996, 11996, 5275]"
/mnt/disk15tb/jonathan/Syngap3/Syngap3/230109/16856/Network/000186/data.raw.h5,"[14874, 16977, 11680, 17595, 12374, 13656, 13373, 15898, 11909, 14516, 14473, 12366, 9940, 13179, 5956, 14117, 14819, 14747, 15015, 12070, 16937, 14082, 17865, 11394, 9469, 16983, 22446, 6113, 17406, 8197, 21779, 5956, 19843, 17811, 11707, 20694, 4664, 8105, 19186, 14499, 8123, 10553, 20278, 16475, 9926, 7964, 10523, 15816, 9865, 14401, 10612, 8370, 21529, 13044, 2661, 3074, 17833, 2411, 8310, 3061, 9179, 20112, 21163, 7954, 7670, 1353, 24191, 7432, 4463, 13602, 24432, 24244, 16666, 24666, 9079, 19339, 24449, 10931, 25761, 15794, 15695, 474, 3793, 25770, 17527, 9842, 14593, 22409, 5884, 23572, 15269, 22264, 20506, 497, 25825, 5789, 25782, 497, 18440, 3568, 4548, 26021, 3459, 23025, 24699, 1703, 2050, 26099, 21725, 7190, 19847, 25154, 19505, 21639, 21639, 809, 75, 4765, 15549, 20773, 3874, 25226, 22309, 2506, 1866, 9126, 16827, 3857, 23432, 5609, 5394, 2099, 24981, 24527, 7592, 8894, 21443, 6886, 3831]"
/mnt/disk15tb/jonathan/Syngap3/Syngap3/230109/16665/Network/000182/data.raw.h5,
/mnt/disk15tb/jonathan/Syngap3/Syngap3/230109/16795/Network/000190/data.raw.h5,"[13198, 12805, 12023, 16249, 13198, 17998, 13828, 12304, 12035, 9715, 14715, 15616, 12299, 11479, 16702, 6163, 15661, 16715, 14072, 11915, 10103, 18052, 12805, 7195, 15894, 10553, 17602, 16906, 6826, 6826, 20714, 13588, 2914, 13584, 13584, 5039, 10776, 14726, 7748, 18520, 17363, 10533, 11710, 7655, 14783, 18282, 21298, 10169, 15605, 15372, 4894, 3299, 19379, 25298, 3516, 5464, 5526, 20071, 7060, 4822, 7250, 2397, 19594, 1759, 4005, 25056, 10525, 3994, 6333, 24475, 21980, 3324, 7459, 25964, 25964, 15130, 6126, 11174, 21558, 16086, 24383, 948, 10525, 26200, 23733, 25487, 21980, 3757, 23288, 23963, 4420, 23753, 1083, 3286, 24653, 19542, 23310, 3511, 1753, 2391, 23071, 3052, 2688, 8527, 26153, 11607, 5344, 10073, 26229, 2031, 16231, 2231, 7313, 20415, 23809, 4463, 9085, 25703, 6649, 2681, 26220, 8650, 3343, 25255, 21275, 7560, 7411, 8066, 19223, 17763, 7838, 21498, 22378, 25884, 16883, 4692, 160, 14895, 7842, 8736, 17668, 17007, 10067, 1267, 9528, 18856, 24691, 935, 170, 22470, 24150, 5145, 21262, 22050, 23480, 2790, 24352, 7313, 22361, 13492, 25668, 25668, 1636, 26302, 6061, 4736, 11592, 6303, 2318, 3863, 89, 2299, 4947, 5635, 104, 4750, 4732, 3647, 20415, 10525]"
/mnt/disk15tb/jonathan/Syngap3/Syngap3/230109/16861/Network/000198/data.raw.h5,
/mnt/disk15tb/jonathan/Syngap3/Syngap3/230109/16657/Network/000178/data.raw.h5,"[9703, 13043, 15450, 13186, 18200, 13879, 16705, 12284, 9744, 9767, 12357, 12539, 12357, 8422, 13385, 13277, 7291, 11634, 5065, 5055, 5292, 19424, 5519, 6337, 8759, 17562, 11950, 16913, 8376, 18524, 16785, 16124, 18087, 23103, 8576, 17640, 21399, 19579, 688, 24879, 9416, 22207, 24019, 5279, 2637, 11748, 13687, 16435, 1134, 10051, 19387, 2844, 13254, 17369, 22076, 13259, 5261, 24037, 9515, 22938, 26229, 12177, 25991, 20523, 8269, 10406, 25925, 76, 605, 8957, 2380, 4695, 11740, 22919, 21601, 8730, 9979, 4580, 10654, 20343, 21288, 20164, 15471, 3342, 24681, 18797, 26330, 13339, 25029, 11064, 12622, 21417, 1467, 1050, 7846, 946, 20546, 23398, 7370, 7370, 19671, 19671, 18159, 26324, 11101, 21865, 2340, 25401, 21004, 6477, 5404, 24738, 9568, 12001, 769, 14174, 9572, 16613, 7815, 6494, 12666, 9781, 13964, 4728, 5187, 11767, 2730, 4065]"
/mnt/disk15tb/jonathan/Syngap3/Syngap3/230109/16657/Network/000176/data.raw.h5,
/mnt/disk15tb/jonathan/Syngap3/Syngap3/230109/16850/Network/000188/data.raw.h5,
/mnt/disk15tb/jonathan/Syngap3/Syngap3/230109/16873/Network/000207/data.raw.h5,"Spike sorting in docker failed with the following error:
write_binary_recording:   0%|          | 0/300 [00:00<?, ?it/s]
write_binary_recording:   0%|          | 1/300 [00:23<1:56:59, 23.48s/it]
write_binary_recording:  18%|█▊        | 55/300 [00:46<1:07:37, 16.56s/it]
write_binary_recording:  36%|███▋      | 109/300 [01:09<37:18, 11.72s/it] 
write_binary_recording:  54%|█████▎    | 161/300 [01:33<19:19,  8.34s/it]
write_binary_recording:  71%|███████   | 213/300 [01:52<08:37,  5.95s/it]
write_binary_recording:  87%|████████▋ | 261/300 [02:09<02:46,  4.27s/it]
write_binary_recording: 100%|██████████| 300/300 [02:09<00:00,  2.31it/s]RUNNING SHELL SCRIPT: /mnt/disk15tb/adam/MEA_Analysis/Python/sorting/block_rec0000/sorting/block_rec0000/kilosort2_rec0000/sorter_output/run_kilosort2.sh
Time   0s. Determining good channels.. 

found 515756 threshold crossings in 300.00 seconds of data 

found 73 bad channels 

Time  46s. Computing whitening matrix.. 

Getting channel whitening matrix... 

Channel-whitening matrix computed. 

Time  48s. Loading raw data and applying filters... 

Time  82s. Finished preprocessing 92 batches. 

random seed for clusterSingleBatches: 1

Obtained 7 PC waveforms in 0.69 seconds 

time 0.64, pre clustered 1 / 92 batches 

time 0.19, compared 1 / 92 batches 

time 10.03, Re-ordered 92 batches. 

Time  12s. Optimizing templates ...

12.74 sec, 1 / 92 batches, 155 units, nspks: 80.7296, mu: 34.0242, nst0: 626, merges: 0.0000, 0.0000 

Elapsed time is 69.191648 seconds.

Finished learning templates 

Time  74s. Optimizing templates ...

74.67 sec, 1 / 46 batches, 804 units, nspks: 102.9000, mu: 47.3982, nst0: 2311 

Elapsed time is 94.637171 seconds.

Time  97s. Optimizing templates ...

97.41 sec, 1 / 46 batches, 804 units, nspks: 109.7000, mu: 47.3982, nst0: 2436 

Elapsed time is 115.053318 seconds.

Number of spikes before applying cutoff: 273446

Finished compressing time-varying templates 

initialized spike counts

merged 358 into 355 

merged 774 into 775 

merged 548 into 547 

merged 404 into 402 

merged 235 into 234 

merged 304 into 303 

merged 271 into 270 

merged 131 into 130 

merged 187 into 188 

merged 219 into 221 

merged 276 into 277 

merged 214 into 212 

merged 723 into 724 

merged 642 into 640 

merged 204 into 205 

merged 365 into 371 

merged 711 into 710 

merged 179 into 178 

merged 190 into 188 

merged 128 into 126 

merged 466 into 467 

merged 193 into 270 

merged 127 into 126 

merged 777 into 778 

merged 691 into 690 

Found 0 splits, checked 1/804 clusters, nccg 0 

Found 0 splits, checked 101/804 clusters, nccg 26 

Found 0 splits, checked 201/804 clusters, nccg 49 

Found 0 splits, checked 301/804 clusters, nccg 77 

Found 0 splits, checked 401/804 clusters, nccg 92 

Found 0 splits, checked 501/804 clusters, nccg 116 

Found 0 splits, checked 601/804 clusters, nccg 143 

Found 0 splits, checked 701/804 clusters, nccg 159 

Found 0 splits, checked 801/804 clusters, nccg 179 

Finished splitting. Found 0 splits, checked 804/804 clusters, nccg 179 

Found 0 splits, checked 1/804 clusters, nccg 0 

Found 0 splits, checked 101/804 clusters, nccg 26 

Found 0 splits, checked 201/804 clusters, nccg 50 

Found 0 splits, checked 301/804 clusters, nccg 78 

Found 0 splits, checked 401/804 clusters, nccg 98 

Found 0 splits, checked 501/804 clusters, nccg 121 

Found 0 splits, checked 601/804 clusters, nccg 147 

Found 1 splits, checked 701/805 clusters, nccg 162 

Found 1 splits, checked 801/805 clusters, nccg 184 

Finished splitting. Found 1 splits, checked 805/805 clusters, nccg 185 

----------------------------------------Error using /

Matrix dimensions must agree.
Error running kilosort2

Traceback (most recent call last):
  File ""/mnt/disk15tb/adam/MEA_Analysis/Python/sorting/block_rec0000/sorting/block_rec0000/in_container_sorter_script.py"", line 19, in <module>
    sorting = run_sorter_local(
  File ""/home/miniconda3/lib/python3.8/site-packages/spikeinterface/sorters/runsorter.py"", line 174, in run_sorter_local
    SorterClass.run_from_folder(output_folder, raise_error, verbose)
  File ""/home/miniconda3/lib/python3.8/site-packages/spikeinterface/sorters/basesorter.py"", line 269, in run_from_folder
    raise SpikeSortingError(
spikeinterface.sorters.utils.misc.SpikeSortingError: Spike sorting error trace:
Traceback (most recent call last):
  File ""/home/miniconda3/lib/python3.8/site-packages/spikeinterface/sorters/basesorter.py"", line 234, in run_from_folder
    SorterClass._run_from_folder(sorter_output_folder, sorter_params, verbose)
  File ""/home/miniconda3/lib/python3.8/site-packages/spikeinterface/sorters/external/kilosortbase.py"", line 215, in _run_from_folder
    raise Exception(f""{cls.sorter_name} returned a non-zero exit code"")
Exception: kilosort2 returned a non-zero exit code

Spike sorting failed. You can inspect the runtime trace in /mnt/disk15tb/adam/MEA_Analysis/Python/sorting/block_rec0000/sorting/block_rec0000/kilosort2_rec0000/spikeinterface_log.json.
"
/mnt/disk15tb/jonathan/Syngap3/Syngap3/230109/16867/Network/000202/data.raw.h5,"[17378, 13700, 10427, 13690, 12254, 13272, 12136, 6136, 17447, 11415, 10170, 7003, 20298, 20298, 17205, 12136, 15679, 7673, 11270, 8756, 21082, 7890, 8610, 16777, 15450, 19569, 3942, 7872, 10150, 10693, 4642, 14075, 8227, 11024, 16151, 23798, 7867, 18319, 14118, 11523, 22693, 11725, 21387, 26144, 25754, 22269, 22045, 20993, 23532, 6136, 3087, 444, 16771, 10312, 7009, 25779, 20424, 25795, 24894, 35, 22100, 22100, 5110, 6416, 23463, 1721, 21428, 3919, 15277, 11354, 13143, 21387, 26135, 13943, 3788, 21284, 10656, 14007, 23390, 23390, 13737, 19270, 6758, 11371, 4016, 1594, 20107, 21857, 23211, 25192, 19223, 6909, 11306, 20795, 3821, 4538, 2332, 26267, 20557, 20557, 9348, 18598, 26284, 17939, 25619, 11550, 12431, 13080, 23010, 22091, 18027, 19949]"
/mnt/disk15tb/jonathan/Syngap3/Syngap3/230109/16821/Network/000184/data.raw.h5,
/mnt/disk15tb/jonathan/Syngap3/Syngap3/230109/16742/Network/000180/data.raw.h5,
/mnt/disk15tb/jonathan/Syngap3/Syngap3/230111/16792/Network/000228/data.raw.h5,
/mnt/disk15tb/jonathan/Syngap3/Syngap3/230111/16940/Network/000232/data.raw.h5,
/mnt/disk15tb/jonathan/Syngap3/Syngap3/230111/16787/Network/000224/data.raw.h5,"[14597, 11380, 12336, 11137, 9726, 11955, 10601, 11117, 20131, 9720, 5339, 14610, 14853, 10749, 17666, 14374, 14864, 1298, 5476, 17479, 16142, 21984, 12865, 14167, 8097, 5574, 15471, 9979, 12800, 18552, 880, 4099, 25264, 486, 9319, 19291, 20303, 24489, 20529, 21770, 11375, 16744, 14232, 25031, 14597, 14597, 21300, 406, 515, 12011, 21404, 2909, 10292, 21396, 2696, 13346, 3603, 4472, 2904, 17030, 10394, 20745, 2904, 17465, 8221, 24493, 8907, 1257, 20392, 3140, 15705, 25629, 55, 15978, 19861, 11549, 23369, 26032, 4700, 8918, 21629, 19946, 20328, 25610, 801, 8436, 25221, 5846, 529, 1896, 19472, 1430, 2287, 22976, 13295, 18843, 2089, 1231, 2085, 22566, 1884, 21219, 2956, 2983, 4487, 18803, 4487]"
/mnt/disk15tb/jonathan/Syngap3/Syngap3/230111/16869/Network/000236/data.raw.h5,"[8429, 15576, 14448, 15970, 14208, 14911, 16934, 15106, 11199, 15388, 17997, 8342, 8126, 12469, 11069, 15271, 12439, 10428, 9877, 16947, 15439, 8792, 15010, 4179, 12277, 14605, 12614, 11754, 5801, 8321, 20055, 20724, 6560, 10523, 15601, 20724, 10809, 6840, 16995, 18443, 5217, 12111, 17645, 15837, 17766, 13856, 8799, 13358, 20228, 6743, 18745, 23312, 8403, 5454, 17638, 443, 8107, 18576, 1577, 20260, 16475, 22623, 6978, 6004, 14395, 7890, 22, 21629, 22711, 15883, 7508, 24610, 9503, 17689, 4852, 21079, 26388, 10428, 5985, 10691, 447, 21989, 15101, 16365, 13900, 4242, 656, 19539, 18844, 15058, 2241, 18424, 5996, 607, 20961, 830, 24242, 13950, 22727, 19420, 20191, 3699, 23140, 19746, 25545, 18214, 3120, 2266, 18629, 14224, 3782, 23435, 5429, 5603, 22383, 22357, 22755, 25442, 20360, 26080, 12614, 24808, 17681, 719, 26017, 25137, 19904, 8443, 19292, 4566, 15501, 19645, 20753, 19723, 3141, 25590, 5560, 1169, 24269, 5801, 6715, 21267, 8212, 1614, 7591, 14822, 4299, 8229, 22357, 15072, 3158, 6054, 20821, 11541, 25186, 22335, 26316, 4299, 19041, 5144, 20784, 17748, 25828, 16856, 9546, 11340, 19475, 21463, 6506, 17707, 6951, 18372, 13744, 22122, 981, 4501, 15067, 12636, 19264, 16821, 18582, 16172, 25643, 23858, 8025, 21890, 24735, 8229, 5156, 7597, 2109, 26051, 20591, 24990, 1214, 8170, 12144, 21989, 880, 19475, 17513]"
/mnt/disk15tb/jonathan/Syngap3/Syngap3/230111/16666/Network/000226/data.raw.h5,"[12132, 12979, 9026, 11252, 8598, 13832, 12500, 9920, 17395, 12786, 11889, 11487, 13145, 18303, 22040, 3332, 24183, 19643, 16668, 4407, 18904, 11597, 17409, 18315, 13445, 19810, 4893, 4893, 9267, 19358, 21109, 9956, 20239, 8563, 6848, 10543, 10543, 7219, 12064, 6144, 20881, 21580, 16113, 7254, 16716, 24863, 2842, 9386, 24187, 22689, 16962, 7990, 23323, 13721, 11263, 22429, 26190, 24868, 21096, 8540, 7652, 1788, 18192, 17870, 10726, 22893, 1145, 24251, 10399, 3268, 22031, 25921, 7747, 19852, 14898, 2146, 12024, 24704, 3781, 18736, 19419, 5319, 6901, 5375, 10636, 25000, 4258, 23924, 22952, 15529, 24079, 15738, 17249, 1265, 17007, 9346, 6000, 20757, 2032, 20753, 20748, 23807, 18395, 10877, 12012, 2788, 5783, 26324, 25172, 20757, 11113, 20569, 3825, 18842, 21702, 8688, 21223, 7377, 11344, 19893, 12868, 12868, 6515, 2084, 7825, 8494, 17279, 23834]"
/mnt/disk15tb/jonathan/Syngap3/Syngap3/230111/16856/Network/000217/data.raw.h5,"[16977, 9445, 11680, 13656, 13373, 11909, 10612, 9711, 12070, 16983, 9079, 12096, 17841, 9711, 13457, 17865, 18039, 17657, 3779, 20914, 19843, 8310, 12808, 8105, 19186, 8123, 5757, 16475, 9086, 12764, 8147, 20058, 17119, 3304, 17406, 22409, 2411, 24431, 6393, 6105, 6083, 19505, 7954, 25760, 3536, 4852, 19821, 474, 24666, 2667, 9866, 24449, 18440, 16667, 23352, 25770, 4664, 1352, 15269, 24244, 9179, 15015, 25825, 24467, 25782, 497, 3568, 10185, 18997, 26099, 25804, 4462, 26240, 1895, 22264, 21725, 3793, 21856, 2587, 13940, 6889, 6989, 20112, 25381, 22528, 2506, 14401, 21874, 5609, 16827, 8035, 24527, 8894, 22342, 21443, 7592]"
/mnt/disk15tb/jonathan/Syngap3/Syngap3/230111/16665/Network/000213/data.raw.h5,"[16882, 17973, 14118, 14678, 15544, 12254, 14268, 10546, 14291, 16328, 16212, 4421, 18248, 22429, 19396, 17146, 19108, 9935, 13391, 9731, 15829, 11494, 14529, 17805, 10565, 15354, 9288, 5755, 11383, 14440, 18891, 7865, 4150, 4612, 1949, 10401, 7445, 12625, 21366, 6784, 20535, 4649, 5454, 3903, 7838, 853, 24933, 25927, 25993, 1285, 20811, 2155, 24824, 18375, 4541, 19949, 4094, 22156, 26320, 19921, 17269, 16375, 21680, 25664]"
/mnt/disk15tb/jonathan/Syngap3/Syngap3/230111/16795/Network/000221/data.raw.h5,"[15894, 13198, 10169, 10103, 7313, 8815, 14072, 16249, 12804, 12804, 6613, 12304, 12035, 12299, 10341, 10525, 12023, 3527, 18289, 6440, 11710, 2397, 8527, 19814, 16297, 19599, 19398, 4603, 16297, 12804, 3757, 3516, 26379, 10525, 6162, 20681, 25298, 25783, 19556, 5464, 25487, 21980, 7459, 23288, 23963, 16457, 2391, 23354, 9090, 1510, 25777, 2031, 4215, 5658, 20282, 19109, 2681, 26220, 5667, 10073, 3343, 24683, 17569, 26233, 18420, 21605, 594, 25897, 17893, 25884, 19413, 8722, 7838, 10061, 16118, 11592, 7065, 18329, 24150, 7846, 9085, 25207, 5596, 25800, 5145, 25668, 5596, 24920, 113, 15546, 1419, 1419, 26302, 2498, 4947, 7411, 109]"
/mnt/disk15tb/jonathan/Syngap3/Syngap3/230111/16861/Network/000230/data.raw.h5,"[9090, 14722, 13722, 16774, 9202, 14957, 15418, 11462, 14116, 9910, 12140, 12515, 9457, 16545, 12124, 16119, 4638, 22651, 6654, 22671, 18022, 4583, 7562, 14772, 6403, 9494, 7713, 18709, 9313, 17201, 12288, 12987, 12496, 9280, 11352, 11458, 15648, 1334, 19590, 4213, 22623, 3533, 25763, 5294, 856, 25701, 24448, 6636, 5570, 23118, 3976, 4602, 14549, 21795, 4191, 15786, 10194, 25353, 6350, 5760, 2392, 1370, 7962, 18226, 5879, 24247, 16769, 11044, 489, 20737, 5337, 5099, 1060, 15312, 11083, 7317, 7739, 4471, 19509, 24353, 7982, 21030, 4668, 8518, 3359, 10280, 9982, 8945, 22041, 2491, 2357, 7187, 8610, 21390, 21386, 25784, 17452, 16585, 8006, 53, 761, 21181, 17533, 19656, 2310, 18591, 24099, 7336, 21886, 8453, 18573, 25410, 2987, 21459, 22319]"
/mnt/disk15tb/jonathan/Syngap3/Syngap3/230111/16657/Network/000209/data.raw.h5,"[13687, 13186, 18200, 15978, 14307, 14584, 9744, 13830, 16705, 5064, 15476, 7291, 23555, 5261, 14134, 7456, 8943, 18524, 13687, 16242, 16124, 8376, 19579, 12357, 11747, 8576, 688, 24879, 24019, 5279, 11101, 1134, 15701, 15701, 2895, 22699, 17369, 3373, 22076, 5888, 20523, 21417, 24037, 23281, 9515, 18087, 25273, 26229, 7197, 16584, 22938, 5078, 11740, 21601, 11767, 23388, 3342, 4065, 1467, 24681, 23837, 1001, 8520, 23259, 10406, 21007, 5140, 19910, 18797, 3167, 20343, 24738, 18156, 7809, 18119, 6477, 9781, 13778, 7809, 5622, 5187, 10694, 19020, 23103]"
/mnt/disk15tb/jonathan/Syngap3/Syngap3/230111/16850/Network/000219/data.raw.h5,"[11261, 16089, 11821, 11879, 13908, 11860, 10114, 15392, 16477, 14503, 16276, 16260, 11734, 15608, 10181, 19737, 10942, 12283, 13899, 9871, 15754, 10105, 13152, 10585, 18683, 14122, 21552, 9975, 6843, 5506, 9744, 16798, 9024, 18951, 16713, 9588, 16676, 7267, 16680, 12549, 12541, 12383, 20884, 15671, 18327, 11058, 12019, 9930, 9505, 6123, 3309, 14122, 22635, 24407, 7233, 18734, 16552, 18872, 1738, 20093, 10405, 17146, 25528, 19769, 4147, 16881, 22471, 4793, 19985, 22418, 4797, 5985, 23788, 6994, 20398, 863, 11386, 20303, 22477, 6785, 5273, 15565, 9975, 14122, 19901, 25512, 10041, 24668, 1534, 1762, 3330, 19087, 20756, 22609, 2471, 18543, 5591, 23728, 6000, 6549, 6871, 14032, 4657, 7849, 21622, 14122, 7789, 4140, 25142, 21050, 1481, 9975, 18848, 20080, 15242, 23365, 13284, 24572, 22724, 24048, 4243, 6959, 26339, 1174, 16851, 5573, 6735, 4250, 21617, 11979, 22274, 6981, 19321, 708, 145, 24698, 15034, 22290, 18872, 23181, 16824, 23389, 1885, 25668, 18631, 24273, 1851, 1859, 15505, 1241, 4269, 21245, 20140, 4044, 102, 21426, 6260, 2534, 20992, 4726, 17921, 8693, 1859, 2729, 13524, 114, 330, 25861, 21033, 21245, 2303, 2960, 24304, 5162, 3183, 22321, 14834, 19045, 1871, 20573, 5385, 14187, 22081, 23212, 11126, 22738, 4254, 21245, 25388, 14834, 18749, 5273, 8916]"
/mnt/disk15tb/jonathan/Syngap3/Syngap3/230111/16873/Network/000238/data.raw.h5,"[13660, 11675, 12938, 17969, 17599, 10154, 13949, 12484, 18023, 3978, 14903, 6182, 21106, 9872, 15409, 19822, 19573, 13434, 14692, 18054, 22456, 3305, 16094, 2202, 23780, 24433, 19140, 1336, 3986, 24392, 3101, 20900, 23537, 2885, 24587, 10858, 1958, 22867, 22447, 17090, 1264, 13470, 22208, 16899, 24428, 20715, 7529, 21182, 21793, 15598, 25568, 21618, 10837, 23937, 468, 20409, 20500, 25488, 21364, 19421, 1944, 17420, 10845, 23780, 6878, 25861, 26036, 2256, 18985, 509, 2147, 15978, 3351, 15489, 8424, 20357, 22813, 4079, 24075, 26093, 24946, 6452, 8910, 24543, 22764, 26296, 24301, 17264, 20569, 17466, 16161, 4713, 6040]"
/mnt/disk15tb/jonathan/Syngap3/Syngap3/230111/16867/Network/000234/data.raw.h5,
/mnt/disk15tb/jonathan/Syngap3/Syngap3/230111/16821/Network/000215/data.raw.h5,"[12806, 13162, 12517, 9500, 11461, 11185, 15793, 10173, 17555, 9214, 11009, 15364, 11018, 12063, 12481, 13826, 15180, 10146, 13573, 16709, 11601, 12721, 14989, 17128, 16103, 16030, 3243, 14563, 11914, 7095, 11403, 17839, 10511, 21306, 4830, 7724, 20939, 16224, 20702, 21114, 4022, 5705, 5101, 20257, 9484, 14975, 9416, 9424, 18938, 20461, 16275, 15131, 13837, 8174, 24846, 11172, 5550, 15857, 11700, 11818, 11272, 2450, 16694, 20916, 25716, 1714, 12917, 20028, 5438, 15006, 19837, 21, 3243, 19599, 5563, 8739, 2885, 23075, 5537, 4670, 8307, 21581, 2684, 25783, 8768, 6109, 25998, 25701, 19830, 6199, 15634, 6405, 4586, 245, 20494, 9714, 17412, 16761, 10503, 25061, 5762, 4893, 23794, 4572, 23787, 23139, 5091, 5034, 18953, 6312, 626, 20192, 6342, 24894, 23724, 6207, 2457, 5429, 18195, 8193, 4314, 6433, 16661, 401, 3243, 23124, 4030, 47, 25340, 26123, 22029, 9956, 9947, 23261, 3444, 24486, 4913, 3680, 12024, 26242, 25465, 10163, 9963, 21835, 21279, 23605, 21727, 3149, 24570, 4875, 22931, 3348, 2673, 23711, 24026, 3243, 20729, 1253, 1843, 2568, 2992, 24931, 23598, 561, 25792, 1834, 4913, 2081, 2701, 24147, 26261, 18184, 1887, 10663, 69, 4930, 106, 304, 18967, 24952, 1681, 22119, 4501, 26266, 18976, 2098, 4700, 4085, 16586, 345, 24057, 19863, 992, 4530]"
/mnt/disk15tb/jonathan/Syngap3/Syngap3/230111/16742/Network/000211/data.raw.h5,"[13252, 16467, 14278, 11858, 17565, 11641, 15388, 18207, 14572, 9724, 10960, 17228, 14089, 15848, 6701, 5937, 25256, 20086, 18192, 6563, 22042, 19173, 13879, 15474, 11380, 16332, 9203, 13363, 15813, 17328, 3081, 19088, 15106, 23304, 8848, 3074, 7013, 6632, 16528, 11281, 2188, 1547, 24879, 25920, 9264, 28, 6860, 6404, 6768, 8652, 23574, 23091, 641, 12829, 5553, 22269, 25474, 1499, 5022, 26004, 25541, 9507, 22846, 13258, 2047, 22373, 20650, 6467, 8073, 19439, 6648, 12274, 25928, 12808, 7569, 17627, 17627, 8917, 24355, 5344, 23129, 23129, 10176, 10480, 24017, 15017, 4792, 15924, 18213, 18993, 20829, 9146, 18313, 20303, 8757, 18778, 24609, 1603, 23361, 24144, 19965, 17717, 19751, 4004, 17428, 4552, 14409, 26244, 2482, 20989, 25662, 9350, 16122, 18613, 22287, 25228, 25794, 4237, 6760, 10448, 9796, 1846, 26009, 15740, 18978, 26352, 3367, 10696, 25171, 4508, 512, 17067, 20559, 11106, 17255, 5369, 4548, 20553, 13550, 5623, 805, 9601, 21004, 2945, 16807, 22789, 23610, 1846, 3195, 22325, 25631, 4512, 20573, 6709, 11989, 103, 14413, 24973, 22102, 25201, 5166, 25177, 23006, 6038, 6031, 12451, 1437, 21475, 2109, 19256, 21868, 10448, 25682]"
